{"mean_fit_time": [42536.27151622772], "std_fit_time": [86.04238642007205], "mean_score_time": [1.2572118759155273], "std_score_time": [0.14961353159127969], "params": [{}], "split0_test_score": [0.8036994141606916], "split1_test_score": [0.8048676044095902], "split2_test_score": [0.810463968502085], "split3_test_score": [0.8282768631149424], "split4_test_score": [0.7956588352353919], "mean_test_score": [0.8085933370845403], "std_test_score": [0.010918547179228645], "rank_test_score": [1], "split0_train_score": [1.0], "split1_train_score": [1.0], "split2_train_score": [1.0], "split3_train_score": [1.0], "split4_train_score": [1.0], "mean_train_score": [1.0], "std_train_score": [0.0], "best_score": 0.8085933370845403, "best_params": {}}