{"mean_fit_time": [72.62928123474121], "std_fit_time": [0.7606323844946005], "mean_score_time": [0.203583288192749], "std_score_time": [0.009619315951968127], "params": [{}], "split0_test_score": [0.5859524089466115], "split1_test_score": [0.586000363859225], "split2_test_score": [0.6237605242819955], "split3_test_score": [0.6361274435533905], "split4_test_score": [0.5821879591264011], "mean_test_score": [0.6028057399535247], "std_test_score": [0.022543235060588696], "rank_test_score": [1], "split0_train_score": [1.0], "split1_train_score": [1.0], "split2_train_score": [1.0], "split3_train_score": [1.0], "split4_train_score": [1.0], "mean_train_score": [1.0], "std_train_score": [0.0], "best_score": 0.6028057399535247, "best_params": {}}