{"mean_fit_time": [1.1602126121520997], "std_fit_time": [0.014825866350983798], "mean_score_time": [0.013056087493896484], "std_score_time": [0.0002453482829606821], "params": [{}], "split0_test_score": [0.76953125], "split1_test_score": [0.751953125], "split2_test_score": [0.7673509286412512], "split3_test_score": [0.7653958944281525], "split4_test_score": [0.7771260997067448], "mean_test_score": [0.7662714595552298], "std_test_score": [0.00819018948251645], "rank_test_score": [1], "split0_train_score": [0.9985340825800146], "split1_train_score": [0.997801123870022], "split2_train_score": [0.9975574010747436], "split3_train_score": [0.9980459208597948], "split4_train_score": [0.9982901807523205], "mean_train_score": [0.998045741827379], "std_train_score": [0.00034541040705513395], "best_score": 0.7662714595552298, "best_params": {}}