{"mean_fit_time": [44.706701040267944], "std_fit_time": [0.2587128042000116], "mean_score_time": [0.07526998519897461], "std_score_time": [0.008052255639043182], "params": [{}], "split0_test_score": [0.822265625], "split1_test_score": [0.82421875], "split2_test_score": [0.8357771260997068], "split3_test_score": [0.8260019550342131], "split4_test_score": [0.8357771260997068], "mean_test_score": [0.8288081164467254], "std_test_score": [0.005811629920643124], "rank_test_score": [1], "split0_train_score": [1.0], "split1_train_score": [1.0], "split2_train_score": [1.0], "split3_train_score": [1.0], "split4_train_score": [1.0], "mean_train_score": [1.0], "std_train_score": [0.0], "best_score": 0.8288081164467254, "best_params": {}}