{"mean_fit_time": [18.42071623802185], "std_fit_time": [0.20192438873386043], "mean_score_time": [0.04669623374938965], "std_score_time": [0.009312804979539183], "params": [{}], "split0_test_score": [0.81640625], "split1_test_score": [0.814453125], "split2_test_score": [0.8347996089931574], "split3_test_score": [0.8181818181818182], "split4_test_score": [0.8269794721407625], "mean_test_score": [0.8221640548631477], "std_test_score": [0.007633012995044003], "rank_test_score": [1], "split0_train_score": [1.0], "split1_train_score": [1.0], "split2_train_score": [1.0], "split3_train_score": [1.0], "split4_train_score": [1.0], "mean_train_score": [1.0], "std_train_score": [0.0], "best_score": 0.8221640548631477, "best_params": {}}