{"mean_fit_time": [42623.890844297406], "std_fit_time": [86.97576323756613], "mean_score_time": [1.1051199436187744], "std_score_time": [0.12410345672797542], "params": [{}], "split0_test_score": [0.7986656507148783], "split1_test_score": [0.8001394545661659], "split2_test_score": [0.813554782582888], "split3_test_score": [0.8264132489246174], "split4_test_score": [0.8028330103333708], "mean_test_score": [0.8083212294243841], "std_test_score": [0.010440339430274347], "rank_test_score": [1], "split0_train_score": [1.0], "split1_train_score": [0.9997555594284484], "split2_train_score": [1.0], "split3_train_score": [1.0], "split4_train_score": [1.0], "mean_train_score": [0.9999511118856897], "std_train_score": [9.77762286206385e-05], "best_score": 0.8083212294243841, "best_params": {}}