{"mean_fit_time": [23.967569208145143, 22.913176584243775, 21.209659242630003, 21.342197132110595, 20.0755211353302, 17.70129976272583, 13.455031394958496, 32.89531316757202, 32.122433280944826, 30.00718879699707, 27.595861148834228, 24.104386854171754, 19.43921093940735, 13.177435636520386, 35.79002418518066, 36.30790615081787, 35.466581630706784, 32.98365077972412, 28.609706974029542, 22.652271795272828, 15.589486169815064, 40.15641455650329, 38.35844798088074, 37.0166398525238, 32.299711847305296, 27.42685031890869, 21.469986343383788, 14.163841342926025, 37.9565526008606, 36.84808459281921, 35.32780151367187, 33.18558583259583, 28.7971519947052, 22.398807096481324, 14.856766939163208, 40.593494510650636, 39.097381353378296, 36.73934564590454, 33.023061752319336, 28.222797441482545, 22.079006004333497, 11.528314971923828], "std_fit_time": [0.20622402804411058, 0.2691274941430313, 0.1463385397554103, 0.9358353923377525, 0.322831738420748, 0.06079440691567957, 0.23254035614785049, 0.21873065208138237, 0.16068816479487968, 0.20105065643187386, 0.24972195254693633, 0.28242094015652064, 0.10438034574103833, 0.1363966604303222, 0.3432907354322602, 0.9262077959755358, 0.3036485936804962, 0.20644172839534222, 0.09240415816901763, 0.06138612577152961, 0.27338051151174836, 0.11437947328044626, 0.9866753258182716, 0.13516577238406055, 0.8275544910128221, 0.19487776962358624, 0.19792902715504757, 0.24294162638883338, 0.25264272634327406, 0.32506114509709694, 0.3692904366426863, 0.4142410011343796, 0.24865985222511006, 0.20162510688245494, 0.1508300201091852, 0.13649015575063989, 0.10952793783920721, 0.22067652583606143, 0.21545820066853147, 0.2095325959061613, 0.18946404610537437, 2.7159204747725987], "mean_score_time": [0.0831343650817871, 0.08764100074768066, 0.08113517761230468, 0.07745347023010254, 0.08425226211547851, 0.09551620483398438, 0.10545110702514648, 0.09100761413574218, 0.09327154159545899, 0.09008727073669434, 0.09509978294372559, 0.09749016761779786, 0.10206766128540039, 0.09609184265136719, 0.1043813705444336, 0.10849575996398926, 0.10895576477050781, 0.11977720260620117, 0.12128596305847168, 0.12660503387451172, 0.10523419380187989, 0.1065286636352539, 0.10485696792602539, 0.10773935317993164, 0.1066366195678711, 0.1134249210357666, 0.11685652732849121, 0.10084075927734375, 0.11302356719970703, 0.1096426010131836, 0.11030235290527343, 0.11681404113769531, 0.13031477928161622, 0.13508243560791017, 0.10902247428894044, 0.10933928489685059, 0.11434121131896972, 0.11004915237426757, 0.11503362655639648, 0.10476679801940918, 0.10442018508911133, 0.07621679306030274], "std_score_time": [0.008653362313096725, 0.007642866355156385, 0.009992871667827067, 0.005499400318828799, 0.0029013963811629485, 0.004405474386594083, 0.011879984483681478, 0.004684363551376087, 0.006535317154683973, 0.007360765600440428, 0.012725237273791603, 0.008728966601193256, 0.00548908756122546, 0.005041828244576054, 0.004963672755669982, 0.005567908854215723, 0.0031816727557718786, 0.0047423806427087795, 0.007885074305491969, 0.012429171778945551, 0.0021707993553987844, 0.003488389378084109, 0.00550078143068565, 0.017423174436379443, 0.008243444232357157, 0.004962343566075811, 0.00894674347855578, 0.007255340249861239, 0.016923308709578293, 0.006924221393319241, 0.0074070954749802746, 0.009684652572244726, 0.008067679373048232, 0.011529023340503167, 0.011123202115144509, 0.008309235598907854, 0.002388864149084354, 0.005587252003340439, 0.00457130792593765, 0.013246910422068596, 0.012870476456912673, 0.025010465086482272], "param_model__l2_regularization": [0.0, 0.0, 0.0, 0.0, 0.0, 0.0, 0.0, 0.2, 0.2, 0.2, 0.2, 0.2, 0.2, 0.2, 0.4, 0.4, 0.4, 0.4, 0.4, 0.4, 0.4, 0.8, 0.8, 0.8, 0.8, 0.8, 0.8, 0.8, 1.6, 1.6, 1.6, 1.6, 1.6, 1.6, 1.6, 3.2, 3.2, 3.2, 3.2, 3.2, 3.2, 3.2], "param_model__min_samples_leaf": [2, 4, 8, 16, 32, 64, 128, 2, 4, 8, 16, 32, 64, 128, 2, 4, 8, 16, 32, 64, 128, 2, 4, 8, 16, 32, 64, 128, 2, 4, 8, 16, 32, 64, 128, 2, 4, 8, 16, 32, 64, 128], "params": [{"model__l2_regularization": 0.0, "model__min_samples_leaf": 2}, {"model__l2_regularization": 0.0, "model__min_samples_leaf": 4}, {"model__l2_regularization": 0.0, "model__min_samples_leaf": 8}, {"model__l2_regularization": 0.0, "model__min_samples_leaf": 16}, {"model__l2_regularization": 0.0, "model__min_samples_leaf": 32}, {"model__l2_regularization": 0.0, "model__min_samples_leaf": 64}, {"model__l2_regularization": 0.0, "model__min_samples_leaf": 128}, {"model__l2_regularization": 0.2, "model__min_samples_leaf": 2}, {"model__l2_regularization": 0.2, "model__min_samples_leaf": 4}, {"model__l2_regularization": 0.2, "model__min_samples_leaf": 8}, {"model__l2_regularization": 0.2, "model__min_samples_leaf": 16}, {"model__l2_regularization": 0.2, "model__min_samples_leaf": 32}, {"model__l2_regularization": 0.2, "model__min_samples_leaf": 64}, {"model__l2_regularization": 0.2, "model__min_samples_leaf": 128}, {"model__l2_regularization": 0.4, "model__min_samples_leaf": 2}, {"model__l2_regularization": 0.4, "model__min_samples_leaf": 4}, {"model__l2_regularization": 0.4, "model__min_samples_leaf": 8}, {"model__l2_regularization": 0.4, "model__min_samples_leaf": 16}, {"model__l2_regularization": 0.4, "model__min_samples_leaf": 32}, {"model__l2_regularization": 0.4, "model__min_samples_leaf": 64}, {"model__l2_regularization": 0.4, "model__min_samples_leaf": 128}, {"model__l2_regularization": 0.8, "model__min_samples_leaf": 2}, {"model__l2_regularization": 0.8, "model__min_samples_leaf": 4}, {"model__l2_regularization": 0.8, "model__min_samples_leaf": 8}, {"model__l2_regularization": 0.8, "model__min_samples_leaf": 16}, {"model__l2_regularization": 0.8, "model__min_samples_leaf": 32}, {"model__l2_regularization": 0.8, "model__min_samples_leaf": 64}, {"model__l2_regularization": 0.8, "model__min_samples_leaf": 128}, {"model__l2_regularization": 1.6, "model__min_samples_leaf": 2}, {"model__l2_regularization": 1.6, "model__min_samples_leaf": 4}, {"model__l2_regularization": 1.6, "model__min_samples_leaf": 8}, {"model__l2_regularization": 1.6, "model__min_samples_leaf": 16}, {"model__l2_regularization": 1.6, "model__min_samples_leaf": 32}, {"model__l2_regularization": 1.6, "model__min_samples_leaf": 64}, {"model__l2_regularization": 1.6, "model__min_samples_leaf": 128}, {"model__l2_regularization": 3.2, "model__min_samples_leaf": 2}, {"model__l2_regularization": 3.2, "model__min_samples_leaf": 4}, {"model__l2_regularization": 3.2, "model__min_samples_leaf": 8}, {"model__l2_regularization": 3.2, "model__min_samples_leaf": 16}, {"model__l2_regularization": 3.2, "model__min_samples_leaf": 32}, {"model__l2_regularization": 3.2, "model__min_samples_leaf": 64}, {"model__l2_regularization": 3.2, "model__min_samples_leaf": 128}], "split0_test_score": [0.8115234375, 0.8173828125, 0.8193359375, 0.80859375, 0.8095703125, 0.8125, 0.8125, 0.8134765625, 0.818359375, 0.8173828125, 0.8134765625, 0.81640625, 0.814453125, 0.8173828125, 0.8134765625, 0.8193359375, 0.8203125, 0.8076171875, 0.822265625, 0.814453125, 0.8173828125, 0.810546875, 0.8125, 0.80859375, 0.81640625, 0.8193359375, 0.8212890625, 0.8232421875, 0.8125, 0.8173828125, 0.81640625, 0.8115234375, 0.80859375, 0.822265625, 0.8125, 0.8173828125, 0.8095703125, 0.818359375, 0.814453125, 0.822265625, 0.8212890625, 0.818359375], "split1_test_score": [0.8095703125, 0.802734375, 0.8095703125, 0.8076171875, 0.8115234375, 0.8056640625, 0.814453125, 0.81640625, 0.802734375, 0.810546875, 0.8134765625, 0.818359375, 0.80859375, 0.8154296875, 0.806640625, 0.810546875, 0.8125, 0.8076171875, 0.810546875, 0.8115234375, 0.8154296875, 0.814453125, 0.80859375, 0.8095703125, 0.810546875, 0.818359375, 0.8154296875, 0.8154296875, 0.8125, 0.8134765625, 0.814453125, 0.8115234375, 0.81640625, 0.810546875, 0.8125, 0.814453125, 0.80859375, 0.8115234375, 0.814453125, 0.8076171875, 0.814453125, 0.806640625],