{"mean_fit_time": [10.372881650924683], "std_fit_time": [0.8663845746874098], "mean_score_time": [0.007696771621704101], "std_score_time": [0.002298528298702091], "params": [{}], "split0_test_score": [0.751953125], "split1_test_score": [0.763671875], "split2_test_score": [0.7712609970674487], "split3_test_score": [0.7732160312805474], "split4_test_score": [0.7683284457478006], "mean_test_score": [0.7656860948191595], "std_test_score": [0.007581728538459409], "rank_test_score": [1], "split0_train_score": [0.8800390911311996], "split1_train_score": [0.8854141216711459], "split2_train_score": [0.8778700537371763], "split3_train_score": [0.8810454323400098], "split4_train_score": [0.8878847093307279], "mean_train_score": [0.8824506816420519], "std_train_score": [0.003662875376618266], "best_score": 0.7656860948191595, "best_params": {}}