{"mean_fit_time": [23.349148511886597], "std_fit_time": [6.580324555291502], "mean_score_time": [0.027141809463500977], "std_score_time": [0.007826879302459119], "params": [{}], "split0_test_score": [0.78515625], "split1_test_score": [0.783203125], "split2_test_score": [0.7966764418377321], "split3_test_score": [0.7869012707722385], "split4_test_score": [0.8054740957966764], "mean_test_score": [0.7914822366813296], "std_test_score": [0.008394032822130902], "rank_test_score": [1], "split0_train_score": [0.9770339604202296], "split1_train_score": [0.9819203518201808], "split2_train_score": [0.9772838299951148], "split3_train_score": [0.975818270639961], "split4_train_score": [0.9777723497801661], "mean_train_score": [0.9779657525311304], "std_train_score": [0.0020794803926462956], "best_score": 0.7914822366813296, "best_params": {}}