{"mean_fit_time": [54.690878820419314, 56.13658494949341], "std_fit_time": [2.9096445202526304, 1.4385200523650594], "mean_score_time": [1.3456366062164307, 1.1988361835479737], "std_score_time": [0.09800216304855751, 0.03471428189825479], "param_model__voting": ["hard", "soft"], "params": [{"model__voting": "hard"}, {"model__voting": "soft"}], "split0_test_score": [0.8076171875, 0.8212890625], "split1_test_score": [0.79296875, 0.796875], "split2_test_score": [0.8074291300097751, 0.820136852394917], "split3_test_score": [0.8152492668621701, 0.820136852394917], "split4_test_score": [0.8064516129032258, 0.8211143695014663], "mean_test_score": [0.8059431894550343, 0.8159104273582601], "std_test_score": [0.007213985570673097, 0.00952978028823702], "rank_test_score": [2, 1], "split0_train_score": [1.0, 1.0], "split1_train_score": [1.0, 1.0], "split2_train_score": [1.0, 1.0], "split3_train_score": [1.0, 1.0], "split4_train_score": [1.0, 1.0], "mean_train_score": [1.0, 1.0], "std_train_score": [0.0, 0.0], "best_score": 0.8159104273582601, "best_params": {"model__voting": "soft"}}