{"mean_fit_time": [9.396518993377686], "std_fit_time": [0.27862423854231105], "mean_score_time": [0.005712127685546875], "std_score_time": [0.00014321433931435584], "params": [{}], "split0_test_score": [0.6970831844335172], "split1_test_score": [0.6861419255555393], "split2_test_score": [0.6868807647585502], "split3_test_score": [0.7015963760448984], "split4_test_score": [0.6903224124726025], "mean_test_score": [0.6924049326530215], "std_test_score": [0.006007449550001429], "rank_test_score": [1], "split0_train_score": [0.8180741751543477], "split1_train_score": [0.8181442377315803], "split2_train_score": [0.8169404202048627], "split3_train_score": [0.8169341537884578], "split4_train_score": [0.8186645569573293], "mean_train_score": [0.8177515087673155], "std_train_score": [0.0006954049829539107], "best_score": 0.6924049326530215, "best_params": {}}