{"mean_fit_time": [0.9754767417907715], "std_fit_time": [0.019419186128435878], "mean_score_time": [0.013346576690673828], "std_score_time": [0.0005446123663052207], "params": [{}], "split0_test_score": [0.771484375], "split1_test_score": [0.75390625], "split2_test_score": [0.7741935483870968], "split3_test_score": [0.7653958944281525], "split4_test_score": [0.761485826001955], "mean_test_score": [0.7652931787634409], "std_test_score": [0.00723486174711208], "rank_test_score": [1], "split0_train_score": [0.9985340825800146], "split1_train_score": [0.997801123870022], "split2_train_score": [0.9975574010747436], "split3_train_score": [0.9980459208597948], "split4_train_score": [0.9982901807523205], "mean_train_score": [0.998045741827379], "std_train_score": [0.00034541040705513395], "best_score": 0.7652931787634409, "best_params": {}}