{"mean_fit_time": [132.86195249557494], "std_fit_time": [6.237815323304427], "mean_score_time": [0.13805770874023438], "std_score_time": [0.014637935455939471], "params": [{}], "split0_test_score": [0.7878376660262911], "split1_test_score": [0.7997228692464945], "split2_test_score": [0.8092086353136366], "split3_test_score": [0.8198799486935412], "split4_test_score": [0.7968301719262143], "mean_test_score": [0.8026958582412356], "std_test_score": [0.010970141706223572], "rank_test_score": [1], "split0_train_score": [1.0], "split1_train_score": [1.0], "split2_train_score": [1.0], "split3_train_score": [1.0], "split4_train_score": [1.0], "mean_train_score": [1.0], "std_train_score": [0.0], "best_score": 0.8026958582412356, "best_params": {}}