{"mean_fit_time": [7599.779597043991], "std_fit_time": [960.3161194253953], "mean_score_time": [9.92129282951355], "std_score_time": [1.7227791798863472], "params": [{}], "split0_test_score": [0.799698853573238], "split1_test_score": [0.8117042180901295], "split2_test_score": [0.8000317522753629], "split3_test_score": [0.7901951751565011], "split4_test_score": [0.7931166993425757], "mean_test_score": [0.7989493396875614], "std_test_score": [0.007417215126584658], "rank_test_score": [1], "split0_train_score": [1.0], "split1_train_score": [1.0], "split2_train_score": [1.0], "split3_train_score": [1.0], "split4_train_score": [1.0], "mean_train_score": [1.0], "std_train_score": [0.0], "best_score": 0.7989493396875614, "best_params": {}}