{"mean_fit_time": [0.2494875431060791], "std_fit_time": [0.00599729030392941], "mean_score_time": [0.004780435562133789], "std_score_time": [0.00016262024969583853], "params": [{}], "split0_test_score": [0.5869140625], "split1_test_score": [0.6015625], "split2_test_score": [0.5659824046920822], "split3_test_score": [0.5933528836754643], "split4_test_score": [0.5806451612903226], "mean_test_score": [0.5856914024315738], "std_test_score": [0.012049847070157008], "rank_test_score": [1], "split0_train_score": [0.6056682140239433], "split1_train_score": [0.6061568531639384], "split2_train_score": [0.5808500244259892], "split3_train_score": [0.6045432340009771], "split4_train_score": [0.6155349291646312], "mean_train_score": [0.6025506509558958], "std_train_score": [0.01154298881080993], "best_score": 0.5856914024315738, "best_params": {}}