{"mean_fit_time": [32.42438244819641], "std_fit_time": [0.18909727715217817], "mean_score_time": [0.007641124725341797], "std_score_time": [0.0003055954223535661], "params": [{}], "split0_test_score": [0.7566644804918068], "split1_test_score": [0.7702627582144879], "split2_test_score": [0.7848984798086138], "split3_test_score": [0.7997406244753361], "split4_test_score": [0.7733953271921186], "mean_test_score": [0.7769923340364727], "std_test_score": [0.014501304338415833], "rank_test_score": [1], "split0_train_score": [0.891778874773174], "split1_train_score": [0.8991010615149655], "split2_train_score": [0.8938628136063566], "split3_train_score": [0.8924875657944139], "split4_train_score": [0.8919072951371391], "mean_train_score": [0.8938275221652099], "std_train_score": [0.002738290481709528], "best_score": 0.7769923340364727, "best_params": {}}