{"mean_fit_time": [11.887853717803955, 15.071125364303589, 14.505445337295532, 17.24992980957031, 13.017182064056396, 18.173028326034547, 18.277665901184083, 18.31394233703613, 28.92185492515564, 33.47841300964355, 52.70123782157898, 53.67866940498352, 9.597259283065796, 3.172057008743286, 10.736632204055786, 4.427252197265625, 12.72943835258484, 6.341132879257202, 12.924649047851563, 7.34112057685852, 13.253506183624268, 7.6231772899627686, 15.660966682434083, 8.269238185882568, 32.87555060386658, 24.279649209976196, 36.705739164352416, 38.733205032348636, 36.67534532546997, 53.9870644569397, 75.28560099601745, 99.75800518989563, 72.64321546554565, 104.27256832122802, 98.82808566093445, 116.85337719917297], "std_fit_time": [0.8172899721824803, 2.295687491477444, 1.7754760168254486, 3.325494408553212, 1.3640709369712205, 2.456413930573289, 1.8700295371028826, 2.385357008383542, 3.7683268916362804, 4.442958337905674, 6.060595350269237, 8.058913278093687, 2.1354045908789545, 3.2959780820914064, 3.0350449223266533, 3.4759702457487136, 2.4140775286818776, 4.5694386062518655, 1.8009889285634182, 4.5151653427202065, 1.520054185073039, 4.719709845090136, 2.2613900744790025, 4.3173640269758256, 2.812547810631811, 1.6705917682819442, 1.8260939614766898, 4.343922429548214, 2.011088839429399, 3.7642243795241406, 4.886346405143034, 10.892893080586617, 6.282719007294718, 9.898047241198816, 6.989326605986978, 12.699719491712955], "mean_score_time": [0.20508890151977538, 0.21233882904052734, 0.23649187088012696, 0.2226651668548584, 0.1675546646118164, 0.17256298065185546, 0.20185365676879882, 0.164046049118042, 0.1544053077697754, 0.1731199264526367, 0.17790589332580567, 0.22636070251464843, 0.19530553817749025, 0.13202457427978515, 0.19408998489379883, 0.2148078441619873, 0.25149998664855955, 0.23199729919433593, 0.23069019317626954, 0.22399373054504396, 0.2212156295776367, 0.22704014778137208, 0.326198148727417, 0.22162270545959473, 0.20951766967773439, 0.22393407821655273, 0.22937583923339844, 0.25098819732666017, 0.21822147369384765, 0.20004563331604003, 0.24056406021118165, 0.19827423095703126, 0.2022575855255127, 0.14269418716430665, 0.10685100555419921, 0.09810519218444824], "std_score_time": [0.06200644751122658, 0.07609985663566746, 0.027827971071780953, 0.05090088541582674, 0.023372234847359303, 0.007253174421920876, 0.045673852232096274, 0.03819459434360177, 0.02710624563923063, 0.039417274304676, 0.041130251758496036, 0.027727133371301657, 0.05798804289116271, 0.006534341659618642, 0.06445040992912575, 0.06865583879294297, 0.07316951899252692, 0.046005126285992216, 0.043688962697934854, 0.050292694217825, 0.07289653675370378, 0.04268707950639647, 0.10405614070408695, 0.0593995015756369, 0.04042924875639105, 0.05894454544660745, 0.07593917276832075, 0.05487522637856798, 0.06775418951027361, 0.03843845313100396, 0.09745041024508962, 0.02019053505843503, 0.04913905872906062, 0.03330497415770543, 0.01411355441537408, 0.007471737114595371], "param_model__kernel": ["RationalQuadratic(alpha=1, length_scale=1)", "RationalQuadratic(alpha=1, length_scale=1)", "RationalQuadratic(alpha=1, length_scale=1)", "RationalQuadratic(alpha=1, length_scale=1)", "RationalQuadratic(alpha=1, length_scale=1)", "RationalQuadratic(alpha=1, length_scale=1)", "RationalQuadratic(alpha=1, length_scale=1)", "RationalQuadratic(alpha=1, length_scale=1)", "RationalQuadratic(alpha=1, length_scale=1)", "RationalQuadratic(alpha=1, length_scale=1)", "RationalQuadratic(alpha=1, length_scale=1)", "RationalQuadratic(alpha=1, length_scale=1)", "RBF(length_scale=1)", "RBF(length_scale=1)", "RBF(length_scale=1)", "RBF(length_scale=1)", "RBF(length_scale=1)", "RBF(length_scale=1)", "RBF(length_scale=1)", "RBF(length_scale=1)", "RBF(length_scale=1)", "RBF(length_scale=1)", "RBF(length_scale=1)", "RBF(length_scale=1)", "1**2 * RationalQuadratic(alpha=1, length_scale=1)", "1**2 * RationalQuadratic(alpha=1, length_scale=1)", "1**2 * RationalQuadratic(alpha=1, length_scale=1)", "1**2 * RationalQuadratic(alpha=1, length_scale=1)", "1**2 * RationalQuadratic(alpha=1, length_scale=1)", "1**2 * RationalQuadratic(alpha=1, length_scale=1)", "1**2 * RationalQuadratic(alpha=1, length_scale=1)", "1**2 * RationalQuadratic(alpha=1, length_scale=1)", "1**2 * RationalQuadratic(alpha=1, length_scale=1)", "1**2 * RationalQuadratic(alpha=1, length_scale=1)", "1**2 * RationalQuadratic(alpha=1, length_scale=1)", "1**2 * RationalQuadratic(alpha=1, length_scale=1)"], "param_model__n_restarts_optimizer": [0, 0, 1, 1, 2, 2, 3, 3, 4, 4, 5, 5, 0, 0, 1, 1, 2, 2, 3, 3, 4, 4, 5, 5, 0, 0, 1, 1, 2, 2, 3, 3, 4, 4, 5, 5], "param_model__normalize_y": [false, true, false, true, false, true, false, true, false, true, false, true, false, true, false, true, false, true, false, true, false, true, false, true, false, true, false, true, false, true, false, true, false, true, false, true], "params": [{"model__kernel": "RationalQuadratic(alpha=1, length_scale=1)", "model__n_restarts_optimizer": 0, "model__normalize_y": false}, {"model__kernel": "RationalQuadratic(alpha=1, length_scale=1)", "model__n_restarts_optimizer": 0, "model__normalize_y": true}, {"model__kernel": "RationalQuadratic(alpha=1, length_scale=1)", "model__n_restarts_optimizer": 1, "model__normalize_y": false}, {"model__kernel": "RationalQuadratic(alpha=1, length_scale=1)", "model__n_restarts_optimizer": 1, "model__normalize_y": true}, {"model__kernel": "RationalQuadratic(alpha=1, length_scale=1)", "model__n_restarts_optimizer": 2, "model__normalize_y": false}, {"model__kernel": "RationalQuadratic(alpha=1, length_scale=1)", "model__n_restarts_optimizer": 2, "model__normalize_y": true}, {"model__kernel": "RationalQuadratic(alpha=1, length_scale=1)", "model__n_restarts_optimizer": 3, "model__normalize_y": false}, {"model__kernel": "RationalQuadratic(alpha=1, length_scale=1)", "model__n_restarts_optimizer": 3, "model__normalize_y": true}, {"model__kernel": "RationalQuadratic(alpha=1, length_scale=1)", "model__n_restarts_optimizer": 4, "model__normalize_y": false}, {"model__kernel": "RationalQuadratic(alpha=1, length_scale=1)", "model__n_restarts_optimizer": 4, "model__normalize_y": true}, {"model__kernel": "RationalQuadratic(alpha=1, length_scale=1)", "model__n_restarts_optimizer": 5, "model__normalize_y": false}, {"model__kernel": "RationalQuadratic(alpha=1, length_scale=1)", "model__n_restarts_optimizer": 5, "model__normalize_y": true}, {"model__kernel": "RBF(length_scale=1)", "model__n_restarts_optimizer": 0, "model__normalize_y": false}, {"model__kernel": "RBF(length_scale=1)", "model__n_restarts_optimizer": 0, "model__normalize_y": true}, {"model__kernel": "RBF(length_scale=1)", "model__n_restarts_optimizer": 1, "model__normalize_y": false}, {"model__kernel": "RBF(length_scale=1)", "model__n_restarts_optimizer": 1, "model__normalize_y": true}, {"model__kernel": "RBF(length_scale=1)", "model__n_restarts_optimizer": 2, "model__normalize_y": false}, {"model__kernel": "RBF(length_scale=1)", "model__n_restarts_optimizer": 2, "model__normalize_y": true}, {"model__kernel": "RBF(length_scale=1)", "model__n_restarts_optimizer": 3, "model__normalize_y": false}, {"model__kernel": "RBF(length_scale=1)", "model__n_restarts_optimizer": 3, "model__normalize_y": true}, {"model__kernel": "RBF(length_scale=1)", "model__n_restarts_optimizer": 4, "model__normalize_y": false}, {"model__kernel": "RBF(length_scale=1)", "model__n_restarts_optimizer": 4, "model__normalize_y": true}, {"model__kernel": "RBF(length_scale=1)", "model__n_restarts_optimizer": 5, "model__normalize_y": false}, {"model__kernel": "RBF(length_scale=1)", "model__n_restarts_optimizer": 5, "model__normalize_y": true}, {"model__kernel": "1**2 * RationalQuadratic(alpha=1, length_scale=1)", "model__n_restarts_optimizer": 0, "model__normalize_y": false}, {"model__kernel": "1**2 * RationalQuadratic(alpha=1, length_scale=1)", "model__n_restarts_optimizer": 0,