{"mean_fit_time": [27.639929628372194], "std_fit_time": [0.19752371166244212], "mean_score_time": [0.006615304946899414], "std_score_time": [6.855047870127056e-05], "params": [{}], "split0_test_score": [0.7350545871004693], "split1_test_score": [0.7161576321766155], "split2_test_score": [0.7479765882102635], "split3_test_score": [0.7655833506276792], "split4_test_score": [0.7368407291225276], "mean_test_score": [0.7403225774475111], "std_test_score": [0.016251216030908726], "rank_test_score": [1], "split0_train_score": [0.8550490764559896], "split1_train_score": [0.8630742792368679], "split2_train_score": [0.8573997868447142], "split3_train_score": [0.858923234024035], "split4_train_score": [0.8553446047235702], "mean_train_score": [0.8579581962570353], "std_train_score": [0.0029227132168816563], "best_score": 0.7403225774475111, "best_params": {}}