{"mean_fit_time": [12.76227297782898], "std_fit_time": [0.21769628340064473], "mean_score_time": [0.010809898376464844], "std_score_time": [0.0044872245714172474], "params": [{}], "split0_test_score": [0.80078125], "split1_test_score": [0.7919921875], "split2_test_score": [0.8152492668621701], "split3_test_score": [0.8084066471163245], "split4_test_score": [0.8005865102639296], "mean_test_score": [0.8034031723484849], "std_test_score": [0.00787887494877256], "rank_test_score": [1], "split0_train_score": [0.9826533105301735], "split1_train_score": [0.9770339604202296], "split2_train_score": [0.9738641914997558], "split3_train_score": [0.9780166096726918], "split4_train_score": [0.9807034684904739], "mean_train_score": [0.978454308122665], "std_train_score": [0.003032110872617091], "best_score": 0.8034031723484849, "best_params": {}}