{"mean_fit_time": [5.358151435852051], "std_fit_time": [0.01700181477233357], "mean_score_time": [0.0242764949798584], "std_score_time": [0.0026617272656958646], "params": [{}], "split0_test_score": [0.8134765625], "split1_test_score": [0.8115234375], "split2_test_score": [0.823069403714565], "split3_test_score": [0.820136852394917], "split4_test_score": [0.823069403714565], "mean_test_score": [0.8182551319648095], "std_test_score": [0.004858924433156563], "rank_test_score": [1], "split0_train_score": [1.0], "split1_train_score": [1.0], "split2_train_score": [1.0], "split3_train_score": [1.0], "split4_train_score": [1.0], "mean_train_score": [1.0], "std_train_score": [0.0], "best_score": 0.8182551319648095, "best_params": {}}