{"mean_fit_time": [4.435420036315918], "std_fit_time": [0.13213492759382436], "mean_score_time": [0.005894231796264649], "std_score_time": [0.002417245461044643], "params": [{}], "split0_test_score": [0.6298828125], "split1_test_score": [0.6259765625], "split2_test_score": [0.624633431085044], "split3_test_score": [0.6129032258064516], "split4_test_score": [0.6070381231671554], "mean_test_score": [0.6200868310117301], "std_test_score": [0.00863938334266365], "rank_test_score": [1], "split0_train_score": [0.7412655753725873], "split1_train_score": [0.7468849254825312], "split2_train_score": [0.7364435759648266], "split3_train_score": [0.7432828529555447], "split4_train_score": [0.7540302882266732], "mean_train_score": [0.7443814436004326], "std_train_score": [0.005887153861995793], "best_score": 0.6200868310117301, "best_params": {}}