{"mean_fit_time": [39.45812878608704], "std_fit_time": [0.2556855797421421], "mean_score_time": [0.02720026969909668], "std_score_time": [0.0024818241394023548], "params": [{}], "split0_test_score": [0.8154296875], "split1_test_score": [0.8095703125], "split2_test_score": [0.8347996089931574], "split3_test_score": [0.8299120234604106], "split4_test_score": [0.8181818181818182], "mean_test_score": [0.8215786901270773], "std_test_score": [0.00935721374836227], "rank_test_score": [1], "split0_train_score": [1.0], "split1_train_score": [1.0], "split2_train_score": [1.0], "split3_train_score": [1.0], "split4_train_score": [1.0], "mean_train_score": [1.0], "std_train_score": [0.0], "best_score": 0.8215786901270773, "best_params": {}}