{"mean_fit_time": [1.679966640472412], "std_fit_time": [0.02002695835295191], "mean_score_time": [0.004259729385375976], "std_score_time": [0.0004770362819710366], "params": [{}], "split0_test_score": [0.7919921875], "split1_test_score": [0.7841796875], "split2_test_score": [0.8123167155425219], "split3_test_score": [0.7966764418377321], "split4_test_score": [0.7839687194525904], "mean_test_score": [0.793826750366569], "std_test_score": [0.01042700119931573], "rank_test_score": [1], "split0_train_score": [0.9985340825800146], "split1_train_score": [0.997801123870022], "split2_train_score": [0.9975574010747436], "split3_train_score": [0.9980459208597948], "split4_train_score": [0.9982901807523205], "mean_train_score": [0.998045741827379], "std_train_score": [0.00034541040705513395], "best_score": 0.793826750366569, "best_params": {}}