{"mean_fit_time": [0.03406357765197754], "std_fit_time": [0.0023555619561810193], "mean_score_time": [0.0007433891296386719], "std_score_time": [7.438048313156296e-05], "params": [{}], "split0_test_score": [0.5986328125], "split1_test_score": [0.6064453125], "split2_test_score": [0.5962854349951124], "split3_test_score": [0.5992179863147605], "split4_test_score": [0.5757575757575758], "mean_test_score": [0.5952678244134897], "std_test_score": [0.010330038699870472], "rank_test_score": [1], "split0_train_score": [0.5976056682140239], "split1_train_score": [0.5963840703640362], "split2_train_score": [0.6006350757205667], "split3_train_score": [0.6028334147532975], "split4_train_score": [0.6062530532486565], "mean_train_score": [0.6007422564601163], "std_train_score": [0.0035660982554115692], "best_score": 0.5952678244134897, "best_params": {}}