{"mean_fit_time": [28.021994876861573], "std_fit_time": [0.2146261990329278], "mean_score_time": [0.026189374923706054], "std_score_time": [0.01008122485292093], "params": [{}], "split0_test_score": [0.796875], "split1_test_score": [0.79296875], "split2_test_score": [0.8005865102639296], "split3_test_score": [0.8132942326490714], "split4_test_score": [0.8142717497556208], "mean_test_score": [0.8035992485337244], "std_test_score": [0.008662500893267581], "rank_test_score": [1], "split0_train_score": [1.0], "split1_train_score": [1.0], "split2_train_score": [1.0], "split3_train_score": [1.0], "split4_train_score": [1.0], "mean_train_score": [1.0], "std_train_score": [0.0], "best_score": 0.8035992485337244, "best_params": {}}