{"mean_fit_time": [3.753430986404419], "std_fit_time": [0.0240421405318022], "mean_score_time": [0.0058100223541259766], "std_score_time": [0.0020850331164546996], "params": [{}], "split0_test_score": [0.7705078125], "split1_test_score": [0.765625], "split2_test_score": [0.7751710654936461], "split3_test_score": [0.7810361681329423], "split4_test_score": [0.7732160312805474], "mean_test_score": [0.7731112154814272], "std_test_score": [0.005096665032575792], "rank_test_score": [1], "split0_train_score": [1.0], "split1_train_score": [1.0], "split2_train_score": [1.0], "split3_train_score": [1.0], "split4_train_score": [1.0], "mean_train_score": [1.0], "std_train_score": [0.0], "best_score": 0.7731112154814272, "best_params": {}}