{"mean_fit_time": [20239.314738321304], "std_fit_time": [153.18671192946485], "mean_score_time": [0.377928352355957], "std_score_time": [0.21028497303221994], "params": [{}], "split0_test_score": [0.7994145301555872], "split1_test_score": [0.8037272189197926], "split2_test_score": [0.8118360542156511], "split3_test_score": [0.8239890548712842], "split4_test_score": [0.7994553806327067], "mean_test_score": [0.8076844477590044], "std_test_score": [0.009325714903201653], "rank_test_score": [1], "split0_train_score": [0.9978008841484922], "split1_train_score": [0.9985341097635891], "split2_train_score": [0.9977999758161258], "split3_train_score": [0.9995113735893256], "split4_train_score": [0.9992671404347646], "mean_train_score": [0.9985826967504595], "std_train_score": [0.0007151429967445353], "best_score": 0.8076844477590044, "best_params": {}}