{"mean_fit_time": [2.4590999603271486], "std_fit_time": [0.016987550763002155], "mean_score_time": [0.004830408096313477], "std_score_time": [0.0008226229367275065], "params": [{}], "split0_test_score": [0.796875], "split1_test_score": [0.794921875], "split2_test_score": [0.8084066471163245], "split3_test_score": [0.8132942326490714], "split4_test_score": [0.7996089931573802], "mean_test_score": [0.8026213495845553], "std_test_score": [0.00705346488061583], "rank_test_score": [1], "split0_train_score": [1.0], "split1_train_score": [1.0], "split2_train_score": [1.0], "split3_train_score": [1.0], "split4_train_score": [1.0], "mean_train_score": [1.0], "std_train_score": [0.0], "best_score": 0.8026213495845553, "best_params": {}}