{"mean_fit_time": [1.0865636348724366], "std_fit_time": [0.024801817148539143], "mean_score_time": [0.005392026901245117], "std_score_time": [0.0003687074497504254], "params": [{}], "split0_test_score": [0.5650300234867753], "split1_test_score": [0.518864065704696], "split2_test_score": [0.5660820436799209], "split3_test_score": [0.5764918882389556], "split4_test_score": [0.5330389244887399], "mean_test_score": [0.5519013891198176], "std_test_score": [0.02202454068268651], "rank_test_score": [1], "split0_train_score": [0.999999173593543], "split1_train_score": [0.9999994620096282], "split2_train_score": [0.9999993496602332], "split3_train_score": [0.9999986846621017], "split4_train_score": [0.9999991900945561], "mean_train_score": [0.9999991720040124], "std_train_score": [2.6589355849442213e-07], "best_score": 0.5519013891198176, "best_params": {}}