{"mean_fit_time": [233.45150389671326], "std_fit_time": [1.3072708967215692], "mean_score_time": [0.015539884567260742], "std_score_time": [0.0022013642834092456], "params": [{}], "split0_test_score": [0.7821867688021871], "split1_test_score": [0.779380569663378], "split2_test_score": [0.804629210243361], "split3_test_score": [0.8151392776674206], "split4_test_score": [0.7886405244736269], "mean_test_score": [0.7939952701699946], "std_test_score": [0.013724818479379123], "rank_test_score": [1], "split0_train_score": [0.9207973047753205], "split1_train_score": [0.9247226123210446], "split2_train_score": [0.9237285917838638], "split3_train_score": [0.9245873808746077], "split4_train_score": [0.9257158071396134], "mean_train_score": [0.92391033937889], "std_train_score": [0.001679398879707297], "best_score": 0.7939952701699946, "best_params": {}}