{"mean_fit_time": [16.798504447937013], "std_fit_time": [0.13300100621988079], "mean_score_time": [0.016800117492675782], "std_score_time": [0.002785811497185557], "params": [{}], "split0_test_score": [0.8076171875], "split1_test_score": [0.8037109375], "split2_test_score": [0.8220918866080157], "split3_test_score": [0.8260019550342131], "split4_test_score": [0.8181818181818182], "mean_test_score": [0.8155207569648095], "std_test_score": [0.00850946238766027], "rank_test_score": [1], "split0_train_score": [1.0], "split1_train_score": [1.0], "split2_train_score": [1.0], "split3_train_score": [1.0], "split4_train_score": [1.0], "mean_train_score": [1.0], "std_train_score": [0.0], "best_score": 0.8155207569648095, "best_params": {}}