{"mean_fit_time": [16.589217281341554], "std_fit_time": [0.06861601193211975], "mean_score_time": [0.013367652893066406], "std_score_time": [0.0032109541421440437], "params": [{}], "split0_test_score": [0.8056640625], "split1_test_score": [0.8056640625], "split2_test_score": [0.8132942326490714], "split3_test_score": [0.8113391984359726], "split4_test_score": [0.8152492668621701], "mean_test_score": [0.8102421645894429], "std_test_score": [0.003937199851501304], "rank_test_score": [1], "split0_train_score": [1.0], "split1_train_score": [1.0], "split2_train_score": [1.0], "split3_train_score": [1.0], "split4_train_score": [1.0], "mean_train_score": [1.0], "std_train_score": [0.0], "best_score": 0.8102421645894429, "best_params": {}}