{"mean_fit_time": [13.400409936904907], "std_fit_time": [0.05572330383869124], "mean_score_time": [0.005931425094604492], "std_score_time": [0.0004846245825210345], "params": [{}], "split0_test_score": [0.7783203125], "split1_test_score": [0.767578125], "split2_test_score": [0.7947214076246334], "split3_test_score": [0.8025415444770283], "split4_test_score": [0.7810361681329423], "mean_test_score": [0.7848395115469209], "std_test_score": [0.012376871032773728], "rank_test_score": [1], "split0_train_score": [0.9027608111409724], "split1_train_score": [0.9037380894209626], "split2_train_score": [0.8993649242794333], "split3_train_score": [0.9000977039570103], "split4_train_score": [0.9025403028822667], "mean_train_score": [0.901700366336129], "std_train_score": [0.001673628887044343], "best_score": 0.7848395115469209, "best_params": {}}