{"mean_fit_time": [3.8988173961639405, 7.615644836425782, 14.633017921447754, 22.122299194335938, 3.8796292304992677, 7.843414831161499, 15.802086734771729, 23.94911527633667, 4.170951461791992, 8.324293518066407, 15.012488269805909, 19.97288246154785, 4.320972728729248, 7.753912448883057, 11.36145977973938, 12.652535772323608, 3.792943525314331, 5.232713794708252, 6.230904579162598, 7.016036891937256, 2.568779134750366, 2.707033109664917, 2.7968149185180664, 2.983000564575195, 2.0605398654937743, 2.140440511703491, 2.197849416732788, 2.303203248977661, 1.5035410881042481, 1.568892002105713, 1.615455722808838, 1.5356425762176513], "std_fit_time": [0.06216564438942566, 0.12016340176389015, 0.1744970726124172, 0.29451851020819825, 0.051199809814427046, 0.09598356341578611, 0.10356814697085685, 0.1505707872963567, 0.052305449209480145, 0.04514090172940909, 0.08365613357669284, 0.18433541634822034, 0.04025765411049387, 0.08727318724689792, 0.10030368763597125, 0.14502265453633184, 0.4136112625633826, 1.0540580846285879, 1.3783984508672182, 1.6434590557135254, 0.07422598934157483, 0.15163768169904218, 0.2267517995367373, 0.378657660252865, 0.05686625641228864, 0.06289785635990741, 0.15203427646874826, 0.2523377946761056, 0.13324469977620035, 0.13711778150988196, 0.18844189255659172, 0.2149963737048808], "mean_score_time": [0.023908424377441406, 0.035235357284545896, 0.05309906005859375, 0.08152823448181153, 0.018682336807250975, 0.038964271545410156, 0.05570240020751953, 0.07917551994323731, 0.02334752082824707, 0.03696660995483399, 0.056424427032470706, 0.09189319610595703, 0.02347855567932129, 0.03479146957397461, 0.05417280197143555, 0.0710287094116211, 0.02039656639099121, 0.027602338790893556, 0.04050335884094238, 0.05257678031921387, 0.024950361251831053, 0.024421024322509765, 0.02980937957763672, 0.03550386428833008, 0.017706966400146483, 0.02742757797241211, 0.029254436492919922, 0.03325648307800293, 0.01436758041381836, 0.017197084426879884, 0.025558280944824218, 0.020976829528808593], "std_score_time": [0.004424265870860434, 0.0038058517612181483, 0.00892431200365286, 0.007746149574413814, 0.003908909707331026, 0.007090613973339895, 0.009643779474791206, 0.006945475897239241, 0.0067659480434625555, 0.0036850143305375105, 0.004739666791045527, 0.013935232123397662, 0.006564363876993485, 0.007225493011780501, 0.003135470594404611, 0.004088051498209508, 0.0047209268124149845, 0.0044150113018501785, 0.002271923246999367, 0.004620206234846478, 0.009903818740545531, 0.0012589385929935837, 0.0016430324037953116, 0.007912494571209737, 0.002549443900229797, 0.005801118386924109, 0.0027875995823425266, 0.0020405632616631426, 0.0022863576347181705, 0.000855377196104537, 0.004391669658573872, 0.0029888026464531267], "param_model__learning_rate": [0.001, 0.001, 0.001, 0.001, 0.01, 0.01, 0.01, 0.01, 0.1, 0.1, 0.1, 0.1, 0.2, 0.2, 0.2, 0.2, 0.4, 0.4, 0.4, 0.4, 0.6, 0.6, 0.6, 0.6, 0.8, 0.8, 0.8, 0.8, 1.0, 1.0, 1.0, 1.0], "param_model__max_iter": [50, 100, 200, 300, 50, 100, 200, 300, 50, 100, 200, 300, 50, 100, 200, 300, 50, 100, 200, 300, 50, 100, 200, 300, 50, 100, 200, 300, 50, 100, 200, 300], "params": [{"model__learning_rate": 0.001, "model__max_iter": 50}, {"model__learning_rate": 0.001, "model__max_iter": 100}, {"model__learning_rate": 0.001, "model__max_iter": 200}, {"model__learning_rate": 0.001, "model__max_iter": 300}, {"model__learning_rate": 0.01, "model__max_iter": 50}, {"model__learning_rate": 0.01, "model__max_iter": 100}, {"model__learning_rate": 0.01, "model__max_iter": 200}, {"model__learning_rate": 0.01, "model__max_iter": 300}, {"model__learning_rate": 0.1, "model__max_iter": 50}, {"model__learning_rate": 0.1, "model__max_iter": 100}, {"model__learning_rate": 0.1, "model__max_iter": 200}, {"model__learning_rate": 0.1, "model__max_iter": 300}, {"model__learning_rate": 0.2, "model__max_iter": 50}, {"model__learning_rate": 0.2, "model__max_iter": 100}, {"model__learning_rate": 0.2, "model__max_iter": 200}, {"model__learning_rate": 0.2, "model__max_iter": 300}, {"model__learning_rate": 0.4, "model__max_iter": 50}, {"model__learning_rate": 0.4, "model__max_iter": 100}, {"model__learning_rate": 0.4, "model__max_iter": 200}, {"model__learning_rate": 0.4, "model__max_iter": 300}, {"model__learning_rate": 0.6, "model__max_iter": 50}, {"model__learning_rate": 0.6, "model__max_iter": 100}, {"model__learning_rate": 0.6, "model__max_iter": 200}, {"model__learning_rate": 0.6, "model__max_iter": 300}, {"model__learning_rate": 0.8, "model__max_iter": 50}, {"model__learning_rate": 0.8, "model__max_iter": 100}, {"model__learning_rate": 0.8, "model__max_iter": 200}, {"model__learning_rate": 0.8, "model__max_iter": 300}, {"model__learning_rate": 1.0, "model__max_iter": 50}, {"model__learning_rate": 1.0, "model__max_iter": 100}, {"model__learning_rate": 1.0, "model__max_iter": 200}, {"model__learning_rate": 1.0, "model__max_iter": 300}], "split0_test_score": [0.591796875, 0.591796875, 0.6416015625, 0.70703125, 0.767578125, 0.7890625, 0.806640625, 0.8095703125, 0.8115234375, 0.8134765625, 0.8134765625, 0.81640625, 0.8154296875, 0.8193359375, 0.8173828125, 0.8193359375, 0.5283203125, 0.5283203125, 0.5283203125, 0.5283203125, 0.5849609375, 0.5849609375, 0.5849609375, 0.5849609375, 0.4521484375, 0.4521484375, 0.4521484375, 0.4521484375, 0.6513671875, 0.6513671875, 0.6513671875, 0.6513671875], "split1_test_score": [0.591796875, 0.591796875, 0.6474609375, 0.7041015625, 0.7724609375, 0.791015625, 0.7998046875, 0.8076171875, 0.8056640625, 0.8115234375, 0.810546875, 0.8154296875, 0.8095703125, 0.80859375, 0.818359375, 0.8193359375, 0.7939453125, 0.8056640625, 0.80078125, 0.8056640625, 0.65625, 0.65625, 0.65625, 0.65625, 0.4853515625, 0.4853515625, 0.4853515625, 0.4853515625, 0.587890625, 0.587890625, 0.587890625, 0.587890625], "split2_test_score": [0.592375366568915, 0.592375366568915, 0.6314760508308895, 0.7047898338220919, 0.7751710654936461, 0.8123167155425219, 0.8181818181818182, 0.8279569892473119, 0.8191593352883676, 0.823069403714565, 0.823069403714565, 0.8250244379276638, 0.8025415444770283, 0.8211143695014663, 0.8172043010752689, 0.8181818181818182, 0.8191593352883676, 0.8211143695014663, 0.820136852394917, 0.823069403714565, 0.6109481915933529, 0.6109481915933529, 0.6109481915933529, 0.6109481915933529, 0.4574780058651026, 0.4574780058651026, 0.4574780058651026, 0.4574780058651026, 0.6148582600195504, 0.6148582600195504, 0.6148582600195504, 0.6148582600195504], "split3_test_score": [0.592375366568915, 0.592375366568915, 0.6422287390029325, 0.7194525904203324, 0.7878787878787878, 0.8152492668621701, 0.8260019550342131, 0.8240469208211144, 0.8220918866080157, 0.820136852394917, 0.8250244379276638, 0.8299120234604106, 0.8181818181818182, 0.8220918866080157, 0.8250244379276638, 0.8260019550342131, 0.8162267839687195, 0.8132942326490714, 0.8142717497556208, 0.8142717497556208, 0.5865102639296188, 0.5865102639296188, 0.5865102639296188, 0.5865102639296188, 0.6334310850439883, 0.6334310850439883, 0.6334310850439883, 0.6334310850439883, 0.4046920821114369, 0.4046920821114369, 0.4046920821114369, 0.4046920821114369], "split4_test_score": [0.592375366568915, 0.592375366568915, 0.6500488758553274, 0.7057673509286413, 0.7790811339198436, 0.8054740957966764, 0.8191593352883676, 0.8260019550342131, 0.8240469208211144, 0.823069403714565, 0.8211143695014663, 0.8260019550342131, 0.8172043010752689, 0.8240469208211144, 0.823069403714565, 0.8220918866080157, 0.8240469208211144, 0.8220918866080157, 0.8220918866080157, 0.8240469208211144, 0.6060606060606061, 0.6177908113391984, 0.6177908113391984, 0.6177908113391984, 0.5884652981427175, 0.5884652981427175, 0.5884652981427175, 0.5884652981427175, 0.6265884652981427, 0.6265884652981427, 0.6265884652981427, 0.6265884652981427],