{"mean_fit_time": [7.8793220043182375], "std_fit_time": [0.07629229790256005], "mean_score_time": [0.01650524139404297], "std_score_time": [0.0006305567544821756], "params": [{}], "split0_test_score": [0.7978352515122313], "split1_test_score": [0.8068091218476837], "split2_test_score": [0.805900364201495], "split3_test_score": [0.8194637652465244], "split4_test_score": [0.7961368006914057], "mean_test_score": [0.805229060699868], "std_test_score": [0.008281445061309022], "rank_test_score": [1], "split0_train_score": [1.0], "split1_train_score": [1.0], "split2_train_score": [1.0], "split3_train_score": [1.0], "split4_train_score": [1.0], "mean_train_score": [1.0], "std_train_score": [0.0], "best_score": 0.805229060699868, "best_params": {}}