{"mean_fit_time": [2.4787198543548583], "std_fit_time": [0.014277234508393471], "mean_score_time": [0.004900836944580078], "std_score_time": [0.0004827264356524833], "params": [{}], "split0_test_score": [0.7978515625], "split1_test_score": [0.802734375], "split2_test_score": [0.8123167155425219], "split3_test_score": [0.8211143695014663], "split4_test_score": [0.7908113391984359], "mean_test_score": [0.8049656723484849], "std_test_score": [0.010684125134942489], "rank_test_score": [1], "split0_train_score": [1.0], "split1_train_score": [1.0], "split2_train_score": [1.0], "split3_train_score": [1.0], "split4_train_score": [1.0], "mean_train_score": [1.0], "std_train_score": [0.0], "best_score": 0.8049656723484849, "best_params": {}}