{"mean_fit_time": [0.046224212646484374], "std_fit_time": [0.0011119272804714754], "mean_score_time": [0.0007802009582519531], "std_score_time": [3.172691134680013e-05], "params": [{}], "split0_test_score": [0.509765625], "split1_test_score": [0.529296875], "split2_test_score": [0.49853372434017595], "split3_test_score": [0.5190615835777126], "split4_test_score": [0.4633431085043988], "mean_test_score": [0.5040001832844575], "std_test_score": [0.022728346230119687], "rank_test_score": [1], "split0_train_score": [0.9985340825800146], "split1_train_score": [0.997801123870022], "split2_train_score": [0.9975574010747436], "split3_train_score": [0.9980459208597948], "split4_train_score": [0.9982901807523205], "mean_train_score": [0.998045741827379], "std_train_score": [0.00034541040705513395], "best_score": 0.5040001832844575, "best_params": {}}