{"mean_fit_time": [0.001981496810913086], "std_fit_time": [0.00019180255317413218], "mean_score_time": [0.0006138324737548828], "std_score_time": [5.582327540079187e-05], "params": [{}], "split0_test_score": [0.5654296875], "split1_test_score": [0.576171875], "split2_test_score": [0.5454545454545454], "split3_test_score": [0.5659824046920822], "split4_test_score": [0.5503421309872922], "mean_test_score": [0.560676128726784], "std_test_score": [0.011219261515694532], "rank_test_score": [1], "split0_train_score": [0.5631566088443685], "split1_train_score": [0.563400928414366], "split2_train_score": [0.5522716170004885], "split3_train_score": [0.5701025891548608], "split4_train_score": [0.5681485100146556], "mean_train_score": [0.563416050685748], "std_train_score": [0.0061866292747502745], "best_score": 0.560676128726784, "best_params": {}}