{"mean_fit_time": [914.3772110462189], "std_fit_time": [69.38445287786105], "mean_score_time": [0.23208799362182617], "std_score_time": [0.061839296413392426], "params": [{}], "split0_test_score": [0.6630978405074353], "split1_test_score": [0.6393381712323185], "split2_test_score": [0.6971179066981973], "split3_test_score": [0.6750097224945046], "split4_test_score": [0.6684243375336288], "mean_test_score": [0.6685975956932169], "std_test_score": [0.018659661064515685], "rank_test_score": [1], "split0_train_score": [0.9118563852102481], "split1_train_score": [0.9078605619551292], "split2_train_score": [0.9002676642163385], "split3_train_score": [0.9074253243251109], "split4_train_score": [0.8192051886335032], "mean_train_score": [0.8893230248680659], "std_train_score": [0.035257288448994825], "best_score": 0.6685975956932169, "best_params": {}}