{"mean_fit_time": [1505.9116082191467], "std_fit_time": [24.04410540273071], "mean_score_time": [0.4197551727294922], "std_score_time": [0.017034500874940867], "params": [{}], "split0_test_score": [0.7099669987249841], "split1_test_score": [0.662684136913448], "split2_test_score": [0.7228112112578758], "split3_test_score": [0.7111610424350507], "split4_test_score": [0.7005506013705614], "mean_test_score": [0.7014347981403841], "std_test_score": [0.020623990215851026], "rank_test_score": [1], "split0_train_score": [0.9385097675467788], "split1_train_score": [0.9269145014139366], "split2_train_score": [0.9054864626175583], "split3_train_score": [0.9207842986653917], "split4_train_score": [0.8459385616619965], "mean_train_score": [0.9075267183811324], "std_train_score": [0.032584851060464194], "best_score": 0.7014347981403841, "best_params": {}}