{"mean_fit_time": [425.30924010276794], "std_fit_time": [205.67015252450258], "mean_score_time": [0.20187654495239257], "std_score_time": [0.03127732483907498], "params": [{}], "split0_test_score": [0.6662034487852696], "split1_test_score": [0.6371788777560166], "split2_test_score": [0.6792150809367812], "split3_test_score": [0.6749364523560757], "split4_test_score": [0.646059878249601], "mean_test_score": [0.6607187476167488], "std_test_score": [0.016391139956889553], "rank_test_score": [1], "split0_train_score": [0.9778118228710649], "split1_train_score": [0.976332292327188], "split2_train_score": [0.9768979528553534], "split3_train_score": [0.9892916889429788], "split4_train_score": [0.9879204363586537], "mean_train_score": [0.9816508386710477], "std_train_score": [0.00571498642419792], "best_score": 0.6607187476167488, "best_params": {}}