{"mean_fit_time": [9.340622997283935], "std_fit_time": [0.05316862519061326], "mean_score_time": [0.039165067672729495], "std_score_time": [0.001949042234866044], "params": [{}], "split0_test_score": [0.7912484469858628], "split1_test_score": [0.8135483419451769], "split2_test_score": [0.8108054122033701], "split3_test_score": [0.807786763257135], "split4_test_score": [0.794897760731065], "mean_test_score": [0.8036573450245219], "std_test_score": [0.008907186390163677], "rank_test_score": [1], "split0_train_score": [1.0], "split1_train_score": [1.0], "split2_train_score": [1.0], "split3_train_score": [1.0], "split4_train_score": [1.0], "mean_train_score": [1.0], "std_train_score": [0.0], "best_score": 0.8036573450245219, "best_params": {}}