{"mean_fit_time": [33.434742498397824], "std_fit_time": [0.05919341726206356], "mean_score_time": [0.008996295928955077], "std_score_time": [0.00020026742839996441], "params": [{}], "split0_test_score": [0.7320562484461656], "split1_test_score": [0.7408325976543357], "split2_test_score": [0.7418568763178923], "split3_test_score": [0.7532888118440744], "split4_test_score": [0.7380164940654975], "mean_test_score": [0.7412102056655931], "std_test_score": [0.0069346697760924595], "rank_test_score": [1], "split0_train_score": [0.8883176449049411], "split1_train_score": [0.8840359738704469], "split2_train_score": [0.8847085351349777], "split3_train_score": [0.8857351012045239], "split4_train_score": [0.8869334940327224], "mean_train_score": [0.8859461498295225], "std_train_score": [0.0015377803040242629], "best_score": 0.7412102056655931, "best_params": {}}