{"mean_fit_time": [27.82282066345215], "std_fit_time": [0.07454438990484591], "mean_score_time": [0.01020207405090332], "std_score_time": [0.003942771058056403], "params": [{}], "split0_test_score": [0.7279739619661947], "split1_test_score": [0.7464081423298521], "split2_test_score": [0.7345527983232238], "split3_test_score": [0.7547211679659052], "split4_test_score": [0.7411872388465355], "mean_test_score": [0.7409686618863423], "std_test_score": [0.009260590457703026], "rank_test_score": [1], "split0_train_score": [0.8872482204078904], "split1_train_score": [0.8827542508153177], "split2_train_score": [0.8861829178092423], "split3_train_score": [0.886782510921175], "split4_train_score": [0.8850004298151296], "mean_train_score": [0.8855936659537511], "std_train_score": [0.0016070051643982172], "best_score": 0.7409686618863423, "best_params": {}}