{
    "mean_fit_time": [
        3.690623331069946
    ],
    "std_fit_time": [
        0.00724988304588
    ],
    "mean_score_time": [
        0.0072422981262207035
    ],
    "std_score_time": [
        0.0008052635083315669
    ],
    "params": [
        {}
    ],
    "split0_test_score": [
        0.49929451834485516
    ],
    "split1_test_score": [
        0.5116926926039227
    ],
    "split2_test_score": [
        0.6012148342230872
    ],
    "split3_test_score": [
        0.5671719345031456
    ],
    "split4_test_score": [
        0.44641583763609527
    ],
    "mean_test_score": [
        0.5251579634622211
    ],
    "std_test_score": [
        0.05403771839152076
    ],
    "rank_test_score": [
        1
    ],
    "split0_train_score": [
        0.9603326153739241
    ],
    "split1_train_score": [
        0.9601153812312014
    ],
    "split2_train_score": [
        0.9578457000882636
    ],
    "split3_train_score": [
        0.9585910881183417
    ],
    "split4_train_score": [
        0.9599777808175024
    ],
    "mean_train_score": [
        0.9593725131258466
    ],
    "std_train_score": [
        0.0009779347034814393
    ],
    "best_score": 0.5251579634622211,
    "best_params": {}
}