{
    "mean_fit_time": [
        180.24557576179504
    ],
    "std_fit_time": [
        11.700200354896582
    ],
    "mean_score_time": [
        0.036161279678344725
    ],
    "std_score_time": [
        0.012798205439207044
    ],
    "params": [
        {}
    ],
    "split0_test_score": [
        0.6552180320480263
    ],
    "split1_test_score": [
        0.6114466743210609
    ],
    "split2_test_score": [
        0.6111613645745785
    ],
    "split3_test_score": [
        0.6442407882911774
    ],
    "split4_test_score": [
        0.603264110267104
    ],
    "mean_test_score": [
        0.6250661939003894
    ],
    "std_test_score": [
        0.020644441656954268
    ],
    "rank_test_score": [
        1
    ],
    "split0_train_score": [
        0.9973857240304732
    ],
    "split1_train_score": [
        0.9978582676353784
    ],
    "split2_train_score": [
        0.9974201115268879
    ],
    "split3_train_score": [
        0.9975538293440425
    ],
    "split4_train_score": [
        0.997661304706902
    ],
    "mean_train_score": [
        0.9975758474487367
    ],
    "std_train_score": [
        0.0001720171463874962
    ],
    "best_score": 0.6250661939003894,
    "best_params": {}
}