{"mean_fit_time": [53.252117824554446], "std_fit_time": [0.4947671722155262], "mean_score_time": [12.995191097259521], "std_score_time": [0.17644669699666282], "params": [{}], "split0_test_score": [0.3137883280035798], "split1_test_score": [0.2861856613617177], "split2_test_score": [0.29582656061107887], "split3_test_score": [0.23478814548288066], "split4_test_score": [0.2663602261392034], "mean_test_score": [0.2793897843196921], "std_test_score": [0.02705064487402791], "rank_test_score": [1], "split0_train_score": [1.0], "split1_train_score": [1.0], "split2_train_score": [1.0], "split3_train_score": [1.0], "split4_train_score": [1.0], "mean_train_score": [1.0], "std_train_score": [0.0], "best_score": 0.2793897843196921, "best_params": {}}