{"mean_fit_time": [0.4136177062988281], "std_fit_time": [0.0008173289148831128], "mean_score_time": [0.005129528045654297], "std_score_time": [0.00013598467793845986], "params": [{}], "split0_test_score": [0.7158203125], "split1_test_score": [0.712890625], "split2_test_score": [0.7350928641251222], "split3_test_score": [0.7204301075268817], "split4_test_score": [0.7145650048875856], "mean_test_score": [0.7197597828079181], "std_test_score": [0.00806527359545195], "rank_test_score": [1], "split0_train_score": [0.7275836794527242], "split1_train_score": [0.7317371121426827], "split2_train_score": [0.7344894968246214], "split3_train_score": [0.7198339032730826], "split4_train_score": [0.7398632144601857], "mean_train_score": [0.7307014812306594], "std_train_score": [0.00674068079477953], "best_score": 0.7197597828079181, "best_params": {}}