{
    "mean_fit_time": [
        84.56971220970154,
        150.02668142318726,
        232.2296259880066
    ],
    "std_fit_time": [
        0.5828115244795126,
        0.6636876764358454,
        0.1738577789241765
    ],
    "mean_score_time": [
        0.032003164291381836,
        0.04688878059387207,
        0.030206584930419923
    ],
    "std_score_time": [
        0.020506916329130657,
        0.04879608677042014,
        0.024424563050849803
    ],
    "param_model__depth": [
        6,
        8,
        10
    ],
    "params": [
        {
            "model__depth": 6
        },
        {
            "model__depth": 8
        },
        {
            "model__depth": 10
        }
    ],
    "split0_test_score": [
        0.5954924454835423,
        0.5939430603908091,
        0.5529275648206402
    ],
    "split1_test_score": [
        0.5832592390395419,
        0.5888728650844599,
        0.5501211421537244
    ],
    "split2_test_score": [
        0.6685897443954685,
        0.6487024457622407,
        0.6158347449980905
    ],
    "split3_test_score": [
        0.6600167460221229,
        0.6404517701231873,
        0.614839010913697
    ],
    "split4_test_score": [
        0.6138356372263473,
        0.6079495604645329,
        0.5895838338047453
    ],
    "mean_test_score": [
        0.6242387624334045,
        0.615983940365046,
        0.5846612593381796
    ],
    "std_test_score": [
        0.0342373211584017,
        0.024308588366228654,
        0.028659245281652496
    ],
    "rank_test_score": [
        1,
        2,
        3
    ],
    "split0_train_score": [
        0.9968371517551086,
        0.9998036325394021,
        0.999988709503787
    ],
    "split1_train_score": [
        0.9975785712184202,
        0.9997897354184835,
        0.9999906043922514
    ],
    "split2_train_score": [
        0.9970222930892298,
        0.9998544974919717,
        0.9999920510149934
    ],
    "split3_train_score": [
        0.9970230270725705,
        0.9998006391855055,
        0.9999860314615999
    ],
    "split4_train_score": [
        0.9969634358447508,
        0.9997845464617412,
        0.9999890266687057
    ],
    "mean_train_score": [
        0.9970848957960159,
        0.9998066102194209,
        0.9999892846082675
    ],
    "std_train_score": [
        0.0002559655797525065,
        2.4937036737745287e-05,
        2.0186667461107285e-06
    ],
    "best_score": 0.6242387624334045,
    "best_params": {
        "model__depth": 6
    }
}