{"mean_fit_time": [0.5081527233123779], "std_fit_time": [0.038523651350097096], "mean_score_time": [0.00582427978515625], "std_score_time": [0.00032266480030153876], "params": [{}], "split0_test_score": [0.23117493590261995], "split1_test_score": [0.3430203219820337], "split2_test_score": [0.37064659753336404], "split3_test_score": [0.3951118246166341], "split4_test_score": [0.2693311555144564], "mean_test_score": [0.3218569671098216], "std_test_score": [0.06193025341829651], "rank_test_score": [1], "split0_train_score": [0.985549065688915], "split1_train_score": [0.9858790247540818], "split2_train_score": [0.9864146214504881], "split3_train_score": [0.9841107149070685], "split4_train_score": [0.9860896156565053], "mean_train_score": [0.9856086084914117], "std_train_score": [0.0008001725155905723], "best_score": 0.3218569671098216, "best_params": {}}