{
    "mean_fit_time": [
        2.0110488891601563,
        1.8684189796447754,
        1.8839624404907227,
        2.9336130142211916,
        2.8865097999572753,
        2.7288358211517334,
        5.511168146133423,
        5.37292218208313,
        5.69207992553711,
        4.958680105209351,
        5.244436931610108,
        5.303612184524536,
        8.606615209579468,
        8.507656908035278,
        8.71974081993103,
        17.149827432632446,
        17.241504907608032,
        17.671932172775268,
        18.47456431388855,
        19.06122398376465,
        19.03570737838745,
        31.71271414756775,
        31.873076581954955,
        31.748273372650146,
        65.54262132644654,
        67.51671209335328,
        66.14905714988708
    ],
    "std_fit_time": [
        0.05835009853232383,
        0.04842418028021269,
        0.10208653978684469,
        0.26162355658862596,
        0.2520970319823021,
        0.3867908273630137,
        0.46679911162217597,
        0.247679363650254,
        0.4488667319719793,
        0.3590588109739981,
        0.2907609035961094,
        0.19206524437178635,
        0.24780931196899456,
        0.20955582172207704,
        0.2914553151998521,
        0.41215909583778704,
        0.09676321069883863,
        0.4495790721219525,
        1.4128799331838902,
        0.21015179798725458,
        0.4622598851828723,
        0.9228229971101931,
        1.0979566246716455,
        1.108037221875165,
        1.8425118275454229,
        2.180897940413879,
        3.1444123164968265
    ],
    "mean_score_time": [
        0.023962688446044923,
        0.03456130027770996,
        0.03624262809753418,
        0.035143470764160155,
        0.028716850280761718,
        0.028252172470092773,
        0.029909801483154298,
        0.03297677040100098,
        0.03243212699890137,
        0.05823349952697754,
        0.03711690902709961,
        0.03792762756347656,
        0.037568521499633786,
        0.053392791748046876,
        0.052709102630615234,
        0.04011273384094238,
        0.04036102294921875,
        0.0363802433013916,
        0.07266049385070801,
        0.0786374568939209,
        0.06289129257202149,
        0.07631521224975586,
        0.04398689270019531,
        0.08164310455322266,
        0.11894021034240723,
        0.11883816719055176,
        0.11175055503845215
    ],
    "std_score_time": [
        0.004268755477797858,
        0.011962225974453018,
        0.003085350819231839,
        0.009780785674071325,
        0.004797601926131605,
        0.004022191259618023,
        0.009220741457511228,
        0.0034859103682214117,
        0.006707304520063051,
        0.013400117477576586,
        0.009481287505811236,
        0.018390574847132274,
        0.016393545130094188,
        0.008911548738599565,
        0.0170877949769697,
        0.013618010649619943,
        0.011660947765672933,
        0.004877544524784567,
        0.055485525592327736,
        0.060901392609593714,
        0.03245839833688568,
        0.026793081634142377,
        0.015906453389911257,
        0.04646589267386343,
        0.07716510127611549,
        0.09590669312141395,
        0.10223920227884402
    ],
    "param_model__depth": [
        6,
        6,
        6,
        6,
        6,
        6,
        6,
        6,
        6,
        8,
        8,
        8,
        8,
        8,
        8,
        8,
        8,
        8,
        10,
        10,
        10,
        10,
        10,
        10,
        10,
        10,
        10
    ],
    "param_model__iterations": [
        30,
        30,
        30,
        50,
        50,
        50,
        100,
        100,
        100,
        30,
        30,
        30,
        50,
        50,
        50,
        100,
        100,
        100,
        30,
        30,
        30,
        50,
        50,
        50,
        100,
        100,
        100
    ],
    "param_model__learning_rate": [
        0.01,
        0.05,
        0.1,
        0.01,
        0.05,
        0.1,
        0.01,
        0.05,
        0.1,
        0.01,
        0.05,
        0.1,
        0.01,
        0.05,
        0.1,
        0.01,
        0.05,
        0.1,
        0.01,
        0.05,
        0.1,
        0.01,
        0.05,
        0.1,
        0.01,
        0.05,
        0.1
    ],
    "params": [
        {
            "model__depth": 6,
            "model__iterations": 30,
            "model__learning_rate": 0.01
        },
        {
            "model__depth": 6,
            "model__iterations": 30,
            "model__learning_rate": 0.05
        },
        {
            "model__depth": 6,
            "model__iterations": 30,
            "model__learning_rate": 0.1
        },
        {
            "model__depth": 6,
            "model__iterations": 50,
            "model__learning_rate": 0.01
        },
        {
            "model__depth": 6,
            "model__iterations": 50,
            "model__learning_rate": 0.05
        },
        {
            "model__depth": 6,
            "model__iterations": 50,
            "model__learning_rate": 0.1
        },
        {
            "model__depth": 6,
            "model__iterations": 100,
            "model__learning_rate": 0.01
        },
        {
            "model__depth": 6,
            "model__iterations": 100,
            "model__learning_rate": 0.05
        },
        {
            "model__depth": 6,
            "model__iterations": 100,
            "model__learning_rate": 0.1
        },
        {
            "model__depth": 8,
            "model__iterations": 30,
            "model__learning_rate": 0.01
        },
        {
            "model__depth": 8,
            "model__iterations": 30,
            "model__learning_rate": 0.05
        },
        {
            "model__depth": 8,
            "model__iterations": 30,
            "model__learning_rate": 0.1
        },
        {
            "model__depth": 8,
            "model__iterations": 50,
            "model__learning_rate": 0.01
        },
        {
            "model__depth": 8,
            "model__iterations": 50,
            "model__learning_rate": 0.05
        },
        {
            "model__depth": 8,
            "model__iterations": 50,
            "model__learning_rate": 0.1
        },
        {
            "model__depth": 8,
            "model__iterations": 100,
            "model__learning_rate": 0.01
        },
        {
            "model__depth": 8,
            "model__iterations": 100,
            "model__learning_rate": 0.05
        },
        {
            "model__depth": 8,
            "model__iterations": 100,
            "model__learning_rate": 0.1
        },
        {
            "model__depth": 10,
            "model__iterations": 30,
            "model__learning_rate": 0.01
        },
        {
            "model__depth": 10,
            "model__iterations": 30,
            "model__learning_rate": 0.05
        },
        {
            "model__depth": 10,
            "model__iterations": 30,
            "model__learning_rate": 0.1
        },
        {
            "model__depth": 10,
            "model__iterations": 50,
            "model__learning_rate": 0.01
        },
        {
            "model__depth": 10,
            "model__iterations": 50,
            "model__learning_rate": 0.05
        },
        {
            "model__depth": 10,
            "model__iterations": 50,
            "model__learning_rate": 0.1
        },
        {
            "model__depth": 10,
            "model__iterations": 100,
            "model__learning_rate": 0.01
        },
        {
            "model__depth": 10,
            "model__iterations": 100,
            "model__learning_rate": 0.05
        },
        {
            "model__depth": 10,
            "model__iterations": 100,
            "model__learning_rate": 0.1
        }
    ],