{"mean_fit_time": [8.74750051498413], "std_fit_time": [0.05794521360795559], "mean_score_time": [0.046227645874023435], "std_score_time": [0.00958523934441248], "params": [{}], "split0_test_score": [0.7804612469539127], "split1_test_score": [0.7705266488327343], "split2_test_score": [0.777385529888771], "split3_test_score": [0.7944498634976668], "split4_test_score": [0.7812545227162072], "mean_test_score": [0.7808155623778584], "std_test_score": [0.007795373723422522], "rank_test_score": [1], "split0_train_score": [1.0], "split1_train_score": [1.0], "split2_train_score": [1.0], "split3_train_score": [1.0], "split4_train_score": [1.0], "mean_train_score": [1.0], "std_train_score": [0.0], "best_score": 0.7808155623778584, "best_params": {}}