{"mean_fit_time": [139.11274676322938], "std_fit_time": [54.68779645622389], "mean_score_time": [2.131447696685791], "std_score_time": [0.7820739231032715], "param_model__passthrough": [true], "params": [{"model__passthrough": true}], "split0_test_score": [0.8154296875], "split1_test_score": [0.8173828125], "split2_test_score": [0.8347996089931574], "split3_test_score": [0.8279569892473119], "split4_test_score": [0.8279569892473119], "mean_test_score": [0.8247052174975563], "std_test_score": [0.00724841845336326], "rank_test_score": [1], "split0_train_score": [1.0], "split1_train_score": [1.0], "split2_train_score": [0.9997557401074744], "split3_train_score": [1.0], "split4_train_score": [1.0], "mean_train_score": [0.9999511480214949], "std_train_score": [9.770395701025336e-05], "best_score": 0.8247052174975563, "best_params": {"model__passthrough": true}}