{"mean_fit_time": [2.201126956939697], "std_fit_time": [0.052855131903704534], "mean_score_time": [0.6497516632080078], "std_score_time": [0.00404672210660696], "params": [{}], "split0_test_score": [0.7472552758699775], "split1_test_score": [0.745614629491844], "split2_test_score": [0.7527175427244808], "split3_test_score": [0.7732622150184874], "split4_test_score": [0.7568212320071955], "mean_test_score": [0.7551341790223971], "std_test_score": [0.009899605103187997], "rank_test_score": [1], "split0_train_score": [0.8680470574261847], "split1_train_score": [0.8674723661944082], "split2_train_score": [0.8659311025681791], "split3_train_score": [0.8619040235105012], "split4_train_score": [0.8697952736042135], "mean_train_score": [0.8666299646606973], "std_train_score": [0.0026668296135064344], "best_score": 0.7551341790223971, "best_params": {}}