{"mean_fit_time": [171.8828577041626], "std_fit_time": [0.4170830092613062], "mean_score_time": [0.07669544219970703], "std_score_time": [0.04843694346997704], "params": [{}], "split0_test_score": [0.8030017564710664], "split1_test_score": [0.7992087230287824], "split2_test_score": [0.8050784495423277], "split3_test_score": [0.8100553496810453], "split4_test_score": [0.7851688306006601], "mean_test_score": [0.8005026218647764], "std_test_score": [0.008428971588230603], "rank_test_score": [1], "split0_train_score": [0.9997556537942769], "split1_train_score": [1.0], "split2_train_score": [0.9997557135221852], "split3_train_score": [1.0], "split4_train_score": [0.9995113735893256], "mean_train_score": [0.9998045481811575], "std_train_score": [0.0001828275981676967], "best_score": 0.8005026218647764, "best_params": {}}