{"mean_fit_time": [7.93657956123352], "std_fit_time": [1.9175584670689194], "mean_score_time": [0.018500566482543945], "std_score_time": [0.006702344058867507], "params": [{}], "split0_test_score": [0.619140625], "split1_test_score": [0.6171875], "split2_test_score": [0.6041055718475073], "split3_test_score": [0.6119257086999023], "split4_test_score": [0.5972629521016618], "mean_test_score": [0.6099244715298142], "std_test_score": [0.008195946379740667], "rank_test_score": [1], "split0_train_score": [0.8785731737112142], "split1_train_score": [0.8751526997312484], "split2_train_score": [0.8793356130923302], "split3_train_score": [0.8927699071812408], "split4_train_score": [0.9223253541768441], "mean_train_score": [0.8896313495785755], "std_train_score": [0.01741645902705861], "best_score": 0.6099244715298142, "best_params": {}}