{"mean_fit_time": [71.58207793235779], "std_fit_time": [2.542221893543196], "mean_score_time": [0.3368081092834473], "std_score_time": [0.021039112987571308], "params": [{}], "split0_test_score": [0.8125149207777373], "split1_test_score": [0.8107232018201368], "split2_test_score": [0.8032117354594496], "split3_test_score": [0.8282084643613981], "split4_test_score": [0.789925277635815], "mean_test_score": [0.8089167200109074], "std_test_score": [0.012502828140776858], "rank_test_score": [1], "split0_train_score": [1.0], "split1_train_score": [1.0], "split2_train_score": [1.0], "split3_train_score": [1.0], "split4_train_score": [1.0], "mean_train_score": [1.0], "std_train_score": [0.0], "best_score": 0.8089167200109074, "best_params": {}}