{"mean_fit_time": [6.188233375549316], "std_fit_time": [0.024079472559548978], "mean_score_time": [0.04322357177734375], "std_score_time": [0.0009746493355228524], "params": [{}], "split0_test_score": [0.791395349678822], "split1_test_score": [0.8158065143390968], "split2_test_score": [0.8165593777718412], "split3_test_score": [0.8086963738082793], "split4_test_score": [0.7987122149805753], "mean_test_score": [0.806233966115723], "std_test_score": [0.00980889937660738], "rank_test_score": [1], "split0_train_score": [1.0], "split1_train_score": [1.0], "split2_train_score": [1.0], "split3_train_score": [1.0], "split4_train_score": [1.0], "mean_train_score": [1.0], "std_train_score": [0.0], "best_score": 0.806233966115723, "best_params": {}}