{"mean_fit_time": [6.9805093765258786], "std_fit_time": [0.047937427466316934], "mean_score_time": [0.012000226974487304], "std_score_time": [0.0008943625491775045], "params": [{}], "split0_test_score": [0.7919921875], "split1_test_score": [0.7744140625], "split2_test_score": [0.8132942326490714], "split3_test_score": [0.8142717497556208], "split4_test_score": [0.8074291300097751], "mean_test_score": [0.8002802724828936], "std_test_score": [0.015191997439326834], "rank_test_score": [1], "split0_train_score": [1.0], "split1_train_score": [1.0], "split2_train_score": [1.0], "split3_train_score": [1.0], "split4_train_score": [1.0], "mean_train_score": [1.0], "std_train_score": [0.0], "best_score": 0.8002802724828936, "best_params": {}}