{"mean_fit_time": [6.180430221557617, 7.668719148635864, 8.139310550689697, 32.707257223129275, 36.49556560516358, 40.947441244125365, 64.7701563835144, 72.58965163230896, 79.06522727012634, 125.8050380706787, 143.03278975486757, 158.6615716934204, 6.3936511993408205, 7.4814835548400875, 8.444144821166992, 32.70702543258667, 35.72659673690796, 40.750803756713864, 63.70929112434387, 72.40505843162536, 79.4516052722931, 117.96339621543885, 126.332568359375, 135.62683653831482], "std_fit_time": [0.4106642728263051, 0.19590204304399284, 0.4035029994233041, 1.146631367999174, 1.5724267538746248, 1.1224781473572103, 0.9089987502344279, 1.5401292074564368, 1.378158116204773, 1.269949252147298, 2.046009955358801, 1.86189661498603, 0.35053710490171974, 0.4374514414477123, 0.37059631745862315, 0.5225280266659319, 0.7558467046735531, 1.482036645450911, 1.1597163119153613, 1.095787088356728, 1.3922672834780938, 2.218104457571668, 2.594054360037497, 2.036272502024038], "mean_score_time": [0.021774101257324218, 0.025124788284301758, 0.025136852264404298, 0.031958150863647464, 0.030640363693237305, 0.029811763763427736, 0.031064605712890624, 0.033272600173950194, 0.030586051940917968, 0.03886303901672363, 0.04506869316101074, 0.03895335197448731, 0.02096867561340332, 0.02323627471923828, 0.032857656478881836, 0.026203489303588866, 0.02624821662902832, 0.02889571189880371, 0.03359975814819336, 0.03145689964294433, 0.03377175331115723, 0.03545083999633789, 0.028157711029052734, 0.029573535919189452], "std_score_time": [0.0014866151683538447, 0.0011462599471404788, 0.003512044181992749, 0.003231430616616281, 0.0028530896982540237, 0.0027158811065653168, 0.0016126550040323707, 0.0015432339371116359, 0.0012048340392541487, 0.0014325755058394003, 0.01623671331915098, 0.002551769980265652, 0.002816371209310083, 0.0014621269919452581, 0.01289256514234464, 0.0014238874821423273, 0.002749749487281549, 0.004590658250598875, 0.002336233807752762, 0.001877936173788753, 0.00707990322688316, 0.006581990719891283, 0.0007212003674621104, 0.0035029803664852785], "param_model__learning_rate": [0.1, 0.1, 0.1, 0.1, 0.1, 0.1, 0.1, 0.1, 0.1, 0.1, 0.1, 0.1, 0.2, 0.2, 0.2, 0.2, 0.2, 0.2, 0.2, 0.2, 0.2, 0.2, 0.2, 0.2], "param_model__n_estimators": [100, 100, 100, 500, 500, 500, 1000, 1000, 1000, 2000, 2000, 2000, 100, 100, 100, 500, 500, 500, 1000, 1000, 1000, 2000, 2000, 2000], "param_model__subsample": [0.8, 0.9, 1.0, 0.8, 0.9, 1.0, 0.8, 0.9, 1.0, 0.8, 0.9, 1.0, 0.8, 0.9, 1.0, 0.8, 0.9, 1.0, 0.8, 0.9, 1.0, 0.8, 0.9, 1.0], "params": [{"model__learning_rate": 0.1, "model__n_estimators": 100, "model__subsample": 0.8}, {"model__learning_rate": 0.1, "model__n_estimators": 100, "model__subsample": 0.9}, {"model__learning_rate": 0.1, "model__n_estimators": 100, "model__subsample": 1.0}, {"model__learning_rate": 0.1, "model__n_estimators": 500, "model__subsample": 0.8}, {"model__learning_rate": 0.1, "model__n_estimators": 500, "model__subsample": 0.9}, {"model__learning_rate": 0.1, "model__n_estimators": 500, "model__subsample": 1.0}, {"model__learning_rate": 0.1, "model__n_estimators": 1000, "model__subsample": 0.8}, {"model__learning_rate": 0.1, "model__n_estimators": 1000, "model__subsample": 0.9}, {"model__learning_rate": 0.1, "model__n_estimators": 1000, "model__subsample": 1.0}, {"model__learning_rate": 0.1, "model__n_estimators": 2000, "model__subsample": 0.8}, {"model__learning_rate": 0.1, "model__n_estimators": 2000, "model__subsample": 0.9}, {"model__learning_rate": 0.1, "model__n_estimators": 2000, "model__subsample": 1.0}, {"model__learning_rate": 0.2, "model__n_estimators": 100, "model__subsample": 0.8}, {"model__learning_rate": 0.2, "model__n_estimators": 100, "model__subsample": 0.9}, {"model__learning_rate": 0.2, "model__n_estimators": 100, "model__subsample": 1.0}, {"model__learning_rate": 0.2, "model__n_estimators": 500, "model__subsample": 0.8}, {"model__learning_rate": 0.2, "model__n_estimators": 500, "model__subsample": 0.9}, {"model__learning_rate": 0.2, "model__n_estimators": 500, "model__subsample": 1.0}, {"model__learning_rate": 0.2, "model__n_estimators": 1000, "model__subsample": 0.8}, {"model__learning_rate": 0.2, "model__n_estimators": 1000, "model__subsample": 0.9}, {"model__learning_rate": 0.2, "model__n_estimators": 1000, "model__subsample": 1.0}, {"model__learning_rate": 0.2, "model__n_estimators": 2000, "model__subsample": 0.8}, {"model__learning_rate": 0.2, "model__n_estimators": 2000, "model__subsample": 0.9}, {"model__learning_rate": 0.2, "model__n_estimators": 2000, "model__subsample": 1.0}], "split0_test_score": [0.5718738864120756, 0.5873701202747221, 0.5756483669244686, 0.631776814648725, 0.6154988658734808, 0.5841916819284229, 0.6238858022423188, 0.6215708788784575, 0.5855918529397014, 0.6172929968180294, 0.621329264378447, 0.5836648387943723, 0.5936732675328285, 0.5808756542267348, 0.5589123503967308, 0.6193928809852101, 0.5969793936866044, 0.5737955497530627, 0.613688845749071, 0.5821272146140286, 0.5752494251420046, 0.5561248256930585, 0.6063214011725532, 0.5735202549143812], "split1_test_score": [0.5653334583043215, 0.5752297870965999, 0.5735836371024563, 0.6147312130838054, 0.6213381917568559, 0.5933528870320843, 0.6321421560096644, 0.6200738831868825, 0.5968807882865765, 0.6356458303288858, 0.6104833290538789, 0.5983353693150002, 0.5809242254418645, 0.5758722613675402, 0.5619103985543534, 0.59458597595303, 0.5707915593601608, 0.5719865937095838, 0.6149603366840029, 0.5668304630516989, 0.577008879864746, 0.5774368575399664, 0.573219477473446, 0.5746685073083095], "split2_test_score": [0.6335126905729668, 0.6471118718216464, 0.624923867500663, 0.6513354446831947, 0.6428552881768372, 0.6425484114865494, 0.6629145555514826, 0.6446827867636263, 0.6436930185364302, 0.6608102273588483, 0.646024400056104, 0.6441076073115478, 0.6514776624579499, 0.6279029377835577, 0.6478622284539852, 0.6253917863754949, 0.6115399131071042, 0.6573651553077253, 0.6252595908380387, 0.5962142446254268, 0.6499760092806193, 0.6592708444550011, 0.6578868191353602, 0.6472219522014517], "split3_test_score": [0.6138284951018762, 0.6112677519091672, 0.6153298272400816, 0.6566533890916244, 0.6463990823210559, 0.6355706288553784, 0.6518511986467062, 0.6595912763144579, 0.6416318449217189, 0.639122779304325, 0.6427964154416588, 0.6408843390846579, 0.6174069249149083, 0.60663490288339, 0.6088710773583552, 0.5986643599135394, 0.5887260943502499, 0.6335432336028606, 0.6077401534149065, 0.6136407430157746, 0.6313921761213652, 0.5943565398140217, 0.6217287618927697, 0.6250081461642952], "split4_test_score": [0.5958212857016111, 0.5885200464117106, 0.5935714923784672, 0.616424595670124, 0.6196540075896089, 0.6141972008732488, 0.6201065995782258, 0.6283395457054376, 0.6203306079092928, 0.5927520568633147, 0.6113194646637803, 0.617638337090344, 0.613542087887902, 0.5716340124065857, 0.5904946833998874, 0.5781946055407482, 0.6110692540143987, 0.5998048200120611, 0.5870257757254604, 0.6142159310960813, 0.5991746170837182, 0.6108783281526906, 0.5890050026974607, 0.5976295797490272], "mean_test_score": [0.5960739632185702, 0.6018999155027693, 0.5966114382292274, 0.6341842914354947, 0.6291490871435677, 0.6139721620351368, 0.6381800624056796, 0.6348516741697724, 0.617625622518744, 0.6291247781346806, 0.6263905747187739, 0.6169260983191844, 0.6114048336470906, 0.5925839537335615, 0.5936101476326624, 0.6032459217536045, 0.5958212429037035, 0.6072990704770587, 0.6097349404822958, 0.594605719280602, 0.6065602214984906, 0.5996134791309476, 0.6096322924743179, 0.6036096880674929],