{"mean_fit_time": [143.94043922424316], "std_fit_time": [34.62409996728797], "mean_score_time": [2.5237748622894287], "std_score_time": [0.2597652048635911], "param_model__passthrough": [true], "params": [{"model__passthrough": true}], "split0_test_score": [0.830078125], "split1_test_score": [0.81640625], "split2_test_score": [0.8396871945259042], "split3_test_score": [0.8269794721407625], "split4_test_score": [0.8220918866080157], "mean_test_score": [0.8270485856549366], "std_test_score": [0.007832566541670897], "rank_test_score": [1], "split0_train_score": [1.0], "split1_train_score": [1.0], "split2_train_score": [1.0], "split3_train_score": [1.0], "split4_train_score": [1.0], "mean_train_score": [1.0], "std_train_score": [0.0], "best_score": 0.8270485856549366, "best_params": {"model__passthrough": true}}