{"mean_fit_time": [0.1132174015045166], "std_fit_time": [0.0229378689307893], "mean_score_time": [0.0010803699493408202], "std_score_time": [0.0004260491203835489], "params": [{}], "split0_test_score": [0.7197265625], "split1_test_score": [0.6953125], "split2_test_score": [0.7233626588465298], "split3_test_score": [0.7126099706744868], "split4_test_score": [0.7047898338220919], "mean_test_score": [0.7111603051686218], "std_test_score": [0.010159877596374826], "rank_test_score": [1], "split0_train_score": [0.7190324945028097], "split1_train_score": [0.7202540923527975], "split2_train_score": [0.7149487054225696], "split3_train_score": [0.721543722520762], "split4_train_score": [0.7200781631656082], "mean_train_score": [0.7191714355929093], "std_train_score": [0.002257113224315529], "best_score": 0.7111603051686218, "best_params": {}}