{"mean_fit_time": [5.16979022026062], "std_fit_time": [0.034641233113940996], "mean_score_time": [0.017310428619384765], "std_score_time": [0.0011103314688722754], "params": [{}], "split0_test_score": [0.6505515190296451], "split1_test_score": [0.6723594915948593], "split2_test_score": [0.6730626488601378], "split3_test_score": [0.6619669501844798], "split4_test_score": [0.6640992184740687], "mean_test_score": [0.6644079656286382], "std_test_score": [0.008199820736868695], "rank_test_score": [1], "split0_train_score": [0.6791377659021353], "split1_train_score": [0.6827242438027723], "split2_train_score": [0.6888416834371142], "split3_train_score": [0.6813999492959546], "split4_train_score": [0.6888975700586315], "mean_train_score": [0.6842002424993214], "std_train_score": [0.003981375231061927], "best_score": 0.6644079656286382, "best_params": {}}