{"mean_fit_time": [3.406150722503662], "std_fit_time": [0.42334798979267196], "mean_score_time": [0.02167682647705078], "std_score_time": [0.0026760424252082107], "params": [{}], "split0_test_score": [0.6686582506848585], "split1_test_score": [0.6874998723291388], "split2_test_score": [0.6767652646814106], "split3_test_score": [0.6937044341147385], "split4_test_score": [0.6927133732671688], "mean_test_score": [0.6838682390154631], "std_test_score": [0.009695069715005049], "rank_test_score": [1], "split0_train_score": [1.0], "split1_train_score": [1.0], "split2_train_score": [1.0], "split3_train_score": [1.0], "split4_train_score": [1.0], "mean_train_score": [1.0], "std_train_score": [0.0], "best_score": 0.6838682390154631, "best_params": {}}