{"mean_fit_time": [58.51136622428894], "std_fit_time": [0.3266553473182241], "mean_score_time": [0.18728551864624024], "std_score_time": [0.02490148018242171], "params": [{}], "split0_test_score": [0.8125], "split1_test_score": [0.80078125], "split2_test_score": [0.833822091886608], "split3_test_score": [0.8250244379276638], "split4_test_score": [0.8269794721407625], "mean_test_score": [0.819821450391007], "std_test_score": [0.011751248305798021], "rank_test_score": [1], "split0_train_score": [1.0], "split1_train_score": [1.0], "split2_train_score": [1.0], "split3_train_score": [1.0], "split4_train_score": [1.0], "mean_train_score": [1.0], "std_train_score": [0.0], "best_score": 0.819821450391007, "best_params": {}}