{"mean_fit_time": [0.4571543216705322, 0.9167373657226563], "std_fit_time": [0.0041354989556601175, 0.02596352424588713], "mean_score_time": [0.23847312927246095, 0.30965638160705566], "std_score_time": [0.016745978132493754, 0.02374035852180199], "param_model__class_weight": [null, "balanced"], "params": [{"model__class_weight": null}, {"model__class_weight": "balanced"}], "split0_test_score": [0.24967585216182042, 0.45411355954023924], "split1_test_score": [0.24967585216182042, 0.42529357300796516], "split2_test_score": [0.24988749012668462, 0.43873353501078466], "split3_test_score": [0.2499682593283821, 0.4406685539252746], "split4_test_score": [0.2499682593283821, 0.4184469782089801], "mean_test_score": [0.24983514262141795, 0.4354512399386487], "std_test_score": [0.00013336212182714062, 0.012478774888051275], "rank_test_score": [2, 1], "split0_train_score": [0.25545544855260127, 0.4156410020717247], "split1_train_score": [0.2550312946032924, 0.44779242034597544], "split2_train_score": [0.25518925181345786, 0.4304295744579637], "split3_train_score": [0.25668899499837206, 0.44473674998309276], "split4_train_score": [0.25690092242714885, 0.46606858343497937], "mean_train_score": [0.2558531824789745, 0.44093366605874723], "std_train_score": [0.0007836883885291362, 0.01699014314911019], "best_score": 0.4354512399386487, "best_params": {"model__class_weight": "balanced"}}