{"mean_fit_time": [1.5093645572662353], "std_fit_time": [0.3042365277661502], "mean_score_time": [0.013883876800537109], "std_score_time": [0.002596886786458509], "params": [{}], "split0_test_score": [0.62109375], "split1_test_score": [0.6328125], "split2_test_score": [0.6402737047898338], "split3_test_score": [0.6060606060606061], "split4_test_score": [0.6021505376344086], "mean_test_score": [0.6204782196969696], "std_test_score": [0.014752261460286395], "rank_test_score": [1], "split0_train_score": [0.9926704129000733], "split1_train_score": [0.991693134620083], "split2_train_score": [0.9941377625793845], "split3_train_score": [0.9934049829018076], "split4_train_score": [0.9936492427943332], "mean_train_score": [0.9931111071591363], "std_train_score": [0.0008526232248073705], "best_score": 0.6204782196969696, "best_params": {}}