{"mean_fit_time": [1.9699999809265136], "std_fit_time": [0.4384168437658413], "mean_score_time": [0.01401209831237793], "std_score_time": [0.003941200687083299], "params": [{}], "split0_test_score": [0.595703125], "split1_test_score": [0.587890625], "split2_test_score": [0.5659824046920822], "split3_test_score": [0.5904203323558163], "split4_test_score": [0.5806451612903226], "mean_test_score": [0.5841283296676442], "std_test_score": [0.0102871483526316], "rank_test_score": [1], "split0_train_score": [0.6523332518934767], "split1_train_score": [0.6530662106034694], "split2_train_score": [0.6565705911089399], "split3_train_score": [0.6538837322911578], "split4_train_score": [0.664142647777235], "mean_train_score": [0.6559992867348557], "std_train_score": [0.004316457700692806], "best_score": 0.5841283296676442, "best_params": {}}