{"mean_fit_time": [13.719532823562622], "std_fit_time": [1.2094735317356868], "mean_score_time": [0.021694278717041014], "std_score_time": [0.006681757018940359], "params": [{}], "split0_test_score": [0.736328125], "split1_test_score": [0.7333984375], "split2_test_score": [0.7468230694037146], "split3_test_score": [0.7517106549364614], "split4_test_score": [0.7478005865102639], "mean_test_score": [0.7432121746700882], "std_test_score": [0.007071291649113932], "rank_test_score": [1], "split0_train_score": [0.9692157341803078], "split1_train_score": [0.9638407036403616], "split2_train_score": [0.9621397166585247], "split3_train_score": [0.9587200781631656], "split4_train_score": [0.9587200781631656], "mean_train_score": [0.9625272621611052], "std_train_score": [0.00388845156780928], "best_score": 0.7432121746700882, "best_params": {}}