{"mean_fit_time": [28.654295444488525], "std_fit_time": [0.9882238094479924], "mean_score_time": [0.04907078742980957], "std_score_time": [0.0059205324700928345], "params": [{}], "split0_test_score": [0.7781827659984294], "split1_test_score": [0.7966309705432881], "split2_test_score": [0.8021061644599197], "split3_test_score": [0.8129160125464506], "split4_test_score": [0.7963588367847181], "mean_test_score": [0.7972389500665612], "std_test_score": [0.01125826322020754], "rank_test_score": [1], "split0_train_score": [1.0], "split1_train_score": [1.0], "split2_train_score": [1.0], "split3_train_score": [1.0], "split4_train_score": [1.0], "mean_train_score": [1.0], "std_train_score": [0.0], "best_score": 0.7972389500665612, "best_params": {}}