{"mean_fit_time": [183.50393981933593, 188.76418890953065, 133.29114117622376], "std_fit_time": [2.8077312545856232, 2.056319723546833, 8.28075784721492], "mean_score_time": [0.16111245155334472, 0.1352076053619385, 0.13222770690917968], "std_score_time": [0.03498979015377768, 0.01543869866595902, 0.02198589855703784], "param_model__n_estimators": [400, 500, 600], "params": [{"model__n_estimators": 400}, {"model__n_estimators": 500}, {"model__n_estimators": 600}], "split0_test_score": [0.7878376660262911, 0.7878376660262911, 0.7878376660262911], "split1_test_score": [0.7997228692464945, 0.7997228692464945, 0.7997228692464945], "split2_test_score": [0.810286913641503, 0.8092086353136366, 0.8092086353136366], "split3_test_score": [0.818982324461565, 0.8198799486935412, 0.8198799486935412], "split4_test_score": [0.79457501969211, 0.7968301719262143, 0.7968301719262143], "mean_test_score": [0.8022809586135928, 0.8026958582412356, 0.8026958582412356], "std_test_score": [0.011113639851379229, 0.010970141706223572, 0.010970141706223572], "rank_test_score": [3, 1, 1], "split0_train_score": [1.0, 1.0, 1.0], "split1_train_score": [1.0, 1.0, 1.0], "split2_train_score": [1.0, 1.0, 1.0], "split3_train_score": [1.0, 1.0, 1.0], "split4_train_score": [1.0, 1.0, 1.0], "mean_train_score": [1.0, 1.0, 1.0], "std_train_score": [0.0, 0.0, 0.0], "best_score": 0.8026958582412356, "best_params": {"model__n_estimators": 500}}