{"mean_fit_time": [1.3576043128967286], "std_fit_time": [0.03417041061592945], "mean_score_time": [0.01057124137878418], "std_score_time": [0.0019424303944246186], "params": [{}], "split0_test_score": [0.76171875], "split1_test_score": [0.7607421875], "split2_test_score": [0.7781036168132942], "split3_test_score": [0.7761485826001955], "split4_test_score": [0.761485826001955], "mean_test_score": [0.7676397925830891], "std_test_score": [0.0077768648041555], "rank_test_score": [1], "split0_train_score": [0.9985340825800146], "split1_train_score": [0.997801123870022], "split2_train_score": [0.9975574010747436], "split3_train_score": [0.9980459208597948], "split4_train_score": [0.9982901807523205], "mean_train_score": [0.998045741827379], "std_train_score": [0.00034541040705513395], "best_score": 0.7676397925830891, "best_params": {}}