{"mean_fit_time": [0.09928069114685059], "std_fit_time": [0.008051794401454595], "mean_score_time": [0.001957273483276367], "std_score_time": [0.0013509561208709183], "params": [{}], "split0_test_score": [0.4374706181421906], "split1_test_score": [0.4774220097197493], "split2_test_score": [0.46684860551079066], "split3_test_score": [0.44583608464444874], "split4_test_score": [0.4501455846097564], "mean_test_score": [0.45554458052538715], "std_test_score": [0.014535990192768805], "rank_test_score": [1], "split0_train_score": [0.45517211471894825], "split1_train_score": [0.4430483689284188], "split2_train_score": [0.46015817809933224], "split3_train_score": [0.47060198806026826], "split4_train_score": [0.4766301271562747], "mean_train_score": [0.46112215539264845], "std_train_score": [0.011775894097883068], "best_score": 0.45554458052538715, "best_params": {}}