{"mean_fit_time": [1.2225285053253174], "std_fit_time": [0.316762104370781], "mean_score_time": [0.0035239696502685548], "std_score_time": [0.0038032463423046795], "params": [{}], "split0_test_score": [0.55859375], "split1_test_score": [0.484375], "split2_test_score": [0.6001955034213099], "split3_test_score": [0.5865102639296188], "split4_test_score": [0.5601173020527859], "mean_test_score": [0.5579583638807428], "std_test_score": [0.04004688033424675], "rank_test_score": [1], "split0_train_score": [0.6154409968238456], "split1_train_score": [0.554605423894454], "split2_train_score": [0.6477772349780166], "split3_train_score": [0.6704934049829018], "split4_train_score": [0.6311675622862726], "mean_train_score": [0.6238969245930981], "std_train_score": [0.039159106641423344], "best_score": 0.5579583638807428, "best_params": {}}