{"mean_fit_time": [1680.5355872154237], "std_fit_time": [416.5012752571195], "mean_score_time": [0.33748683929443357], "std_score_time": [0.08572648670624583], "params": [{}], "split0_test_score": [0.7381972890632054], "split1_test_score": [0.6843153227956549], "split2_test_score": [0.7339853962521842], "split3_test_score": [0.7192031141033923], "split4_test_score": [0.6912786125922807], "mean_test_score": [0.7133959469613436], "std_test_score": [0.021943629434659776], "rank_test_score": [1], "split0_train_score": [0.9547299275813822], "split1_train_score": [0.9590233399982824], "split2_train_score": [0.9522028272777787], "split3_train_score": [0.9364113640332983], "split4_train_score": [0.9230293408647268], "mean_train_score": [0.9450793599510938], "std_train_score": [0.013413793772364188], "best_score": 0.7133959469613436, "best_params": {}}