{"mean_fit_time": [0.14824862480163575, 0.1193497657775879, 0.10641798973083497], "std_fit_time": [0.021932846624343156, 0.005919923007263224, 0.013385714072426287], "mean_score_time": [0.0014899730682373046, 0.001430845260620117, 0.0021202564239501953], "std_score_time": [0.0003140428889392444, 0.00039061228723999024, 0.0009869187259216503], "param_model__class_weight": [null, "balanced", {"0": 1.0, "1": 6.83972912, "2": 2.05563094, "3": 17.82352941}], "params": [{"model__class_weight": null}, {"model__class_weight": "balanced"}, {"model__class_weight": {"0": 1.0, "1": 6.83972912, "2": 2.05563094, "3": 17.82352941}}], "split0_test_score": [0.4374706181421906, 0.6600733452741597, 0.6559352589292112], "split1_test_score": [0.4774220097197493, 0.6456956331746556, 0.6470979861824259], "split2_test_score": [0.46684860551079066, 0.657709465634837, 0.652262588118388], "split3_test_score": [0.44583608464444874, 0.6132043428336975, 0.618149004464082], "split4_test_score": [0.4501455846097564, 0.639325937929381, 0.6139915766401586], "mean_test_score": [0.45554458052538715, 0.6432017449693461, 0.6374872828668532], "std_test_score": [0.014535990192768805, 0.01682979708275022, 0.017759618841447854], "rank_test_score": [3, 1, 2], "split0_train_score": [0.45517211471894825, 0.6512599772120234, 0.6570509367453456], "split1_train_score": [0.4430483689284188, 0.6533838298398977, 0.6512838245923561], "split2_train_score": [0.46015817809933224, 0.6419260770859138, 0.6479242363793692], "split3_train_score": [0.47060198806026826, 0.6642158215331785, 0.6650623480025274], "split4_train_score": [0.4766301271562747, 0.6558815897818397, 0.6545396507844651], "mean_train_score": [0.46112215539264845, 0.6533334590905706, 0.6551721993008127], "std_train_score": [0.011775894097883068, 0.007202069297990548, 0.005820605427909308], "best_score": 0.6432017449693461, "best_params": {"model__class_weight": "balanced"}}