{"mean_fit_time": [0.6683742046356201], "std_fit_time": [0.01165693529444956], "mean_score_time": [0.013898754119873047], "std_score_time": [0.00015445061027283076], "params": [{}], "split0_test_score": [0.634765625], "split1_test_score": [0.642578125], "split2_test_score": [0.6324535679374389], "split3_test_score": [0.6197458455522972], "split4_test_score": [0.603128054740958], "mean_test_score": [0.6265342436461387], "std_test_score": [0.013813994322429168], "rank_test_score": [1], "split0_train_score": [0.9985340825800146], "split1_train_score": [0.997801123870022], "split2_train_score": [0.9975574010747436], "split3_train_score": [0.9980459208597948], "split4_train_score": [0.9982901807523205], "mean_train_score": [0.998045741827379], "std_train_score": [0.00034541040705513395], "best_score": 0.6265342436461387, "best_params": {}}