{"mean_fit_time": [43.79566669464111], "std_fit_time": [11.752201076527044], "mean_score_time": [0.050960445404052736], "std_score_time": [0.0132048340452274], "params": [{}], "split0_test_score": [0.8154296875], "split1_test_score": [0.80078125], "split2_test_score": [0.8260019550342131], "split3_test_score": [0.8172043010752689], "split4_test_score": [0.833822091886608], "mean_test_score": [0.8186478570992181], "std_test_score": [0.011099515995049297], "rank_test_score": [1], "split0_train_score": [1.0], "split1_train_score": [1.0], "split2_train_score": [1.0], "split3_train_score": [1.0], "split4_train_score": [1.0], "mean_train_score": [1.0], "std_train_score": [0.0], "best_score": 0.8186478570992181, "best_params": {}}