{"mean_fit_time": [0.566527271270752], "std_fit_time": [0.13318741836514528], "mean_score_time": [0.08205757141113282], "std_score_time": [0.029429707230927197], "params": [{}], "split0_test_score": [0.1015625], "split1_test_score": [0.671875], "split2_test_score": [0.6666666666666666], "split3_test_score": [0.6412512218963832], "split4_test_score": [0.5043988269794721], "mean_test_score": [0.5171508431085043], "std_test_score": [0.21659719992575235], "rank_test_score": [1], "split0_train_score": [0.8541412167114586], "split1_train_score": [0.8705106279012949], "split2_train_score": [0.8610161211529067], "split3_train_score": [0.7835857352222765], "split4_train_score": [0.6712261846604788], "mean_train_score": [0.8080959771296831], "std_train_score": [0.0750338409138793], "best_score": 0.5171508431085043, "best_params": {}}