{"mean_fit_time": [1.4953696250915527], "std_fit_time": [0.1610472760738408], "mean_score_time": [0.0038398265838623046], "std_score_time": [0.00045621704051175576], "params": [{}], "split0_test_score": [0.7861328125], "split1_test_score": [0.7529296875], "split2_test_score": [0.7810361681329423], "split3_test_score": [0.7761485826001955], "split4_test_score": [0.761485826001955], "mean_test_score": [0.7715466153470187], "std_test_score": [0.012424140588134286], "rank_test_score": [1], "split0_train_score": [0.9985340825800146], "split1_train_score": [0.997801123870022], "split2_train_score": [0.9975574010747436], "split3_train_score": [0.9980459208597948], "split4_train_score": [0.9982901807523205], "mean_train_score": [0.998045741827379], "std_train_score": [0.00034541040705513395], "best_score": 0.7715466153470187, "best_params": {}}