{"mean_fit_time": [21.49619641304016], "std_fit_time": [0.17019401357977879], "mean_score_time": [0.016400861740112304], "std_score_time": [0.0004902330194748156], "params": [{}], "split0_test_score": [0.8095703125], "split1_test_score": [0.806640625], "split2_test_score": [0.833822091886608], "split3_test_score": [0.823069403714565], "split4_test_score": [0.8220918866080157], "mean_test_score": [0.8190388639418378], "std_test_score": [0.009874004476324692], "rank_test_score": [1], "split0_train_score": [1.0], "split1_train_score": [1.0], "split2_train_score": [1.0], "split3_train_score": [1.0], "split4_train_score": [1.0], "mean_train_score": [1.0], "std_train_score": [0.0], "best_score": 0.8190388639418378, "best_params": {}}