{"mean_fit_time": [25.557226514816286], "std_fit_time": [0.5281862931471549], "mean_score_time": [0.011330890655517577], "std_score_time": [0.00033856396594385296], "params": [{}], "split0_test_score": [0.784048405035695], "split1_test_score": [0.7846708010134252], "split2_test_score": [0.8019249761947124], "split3_test_score": [0.804321950719262], "split4_test_score": [0.7986170569012333], "mean_test_score": [0.7947166379728655], "std_test_score": [0.008650612405035644], "rank_test_score": [1], "split0_train_score": [0.9055286144281712], "split1_train_score": [0.9036217025647932], "split2_train_score": [0.9022769315580946], "split3_train_score": [0.9041864152589201], "split4_train_score": [0.9065835875083378], "mean_train_score": [0.9044394502636633], "std_train_score": [0.0014961836963298075], "best_score": 0.7947166379728655, "best_params": {}}