{"mean_fit_time": [103.9127655506134], "std_fit_time": [1.2865672276534135], "mean_score_time": [0.012481451034545898], "std_score_time": [0.00024972886586840655], "params": [{}], "split0_test_score": [0.7834693824020065], "split1_test_score": [0.7803318334772638], "split2_test_score": [0.8057366034529383], "split3_test_score": [0.8162319745925887], "split4_test_score": [0.7912437238313731], "mean_test_score": [0.7954027035512341], "std_test_score": [0.013619694637105249], "rank_test_score": [1], "split0_train_score": [0.9207973047753205], "split1_train_score": [0.9247226123210446], "split2_train_score": [0.9237285917838638], "split3_train_score": [0.9245873808746077], "split4_train_score": [0.9257158071396134], "mean_train_score": [0.92391033937889], "std_train_score": [0.001679398879707297], "best_score": 0.7954027035512341, "best_params": {}}