{"mean_fit_time": [27.922986555099488], "std_fit_time": [0.277330814879974], "mean_score_time": [0.018601274490356444], "std_score_time": [0.00102038501027443], "params": [{}], "split0_test_score": [0.8095703125], "split1_test_score": [0.8076171875], "split2_test_score": [0.8269794721407625], "split3_test_score": [0.8269794721407625], "split4_test_score": [0.8279569892473119], "mean_test_score": [0.8198206867057675], "std_test_score": [0.009194470088912861], "rank_test_score": [1], "split0_train_score": [1.0], "split1_train_score": [1.0], "split2_train_score": [1.0], "split3_train_score": [1.0], "split4_train_score": [1.0], "mean_train_score": [1.0], "std_train_score": [0.0], "best_score": 0.8198206867057675, "best_params": {}}