{"mean_fit_time": [0.1789698600769043, 0.17404818534851074, 0.1712770938873291], "std_fit_time": [0.01321109802224003, 0.005994493197733656, 0.004436658911395971], "mean_score_time": [0.0014916419982910155, 0.0012811183929443359, 0.0013237476348876953], "std_score_time": [0.00016288610754760691, 5.615850309871456e-05, 0.00011297211219537116], "param_model__class_weight": [null, "balanced", {"0": 0.4221947194719472, "1": 2.8876975169300225, "2": 0.867876526458616, "3": 7.525}], "params": [{"model__class_weight": null}, {"model__class_weight": "balanced"}, {"model__class_weight": {"0": 0.4221947194719472, "1": 2.8876975169300225, "2": 0.867876526458616, "3": 7.525}}], "split0_test_score": [0.5615798996736665, 0.5367978670451118, 0.5341977097679478], "split1_test_score": [0.5119149718417841, 0.4966329571321214, 0.4809119007854124], "split2_test_score": [0.5511451372043371, 0.5338964093082331, 0.5498421508454936], "split3_test_score": [0.5194078942451185, 0.5473743153676174, 0.5666366923679215], "split4_test_score": [0.5545956532825773, 0.5074621468323379, 0.5298190663435527], "mean_test_score": [0.5397287112494967, 0.5244327391370843, 0.5322815040220655], "std_test_score": [0.0200767272537706, 0.01912904725243214, 0.028765350210309227], "rank_test_score": [1, 3, 2], "split0_train_score": [0.9993809872066521, 0.9993809872066521, 0.9993809872066521], "split1_train_score": [0.9978665251317306, 0.9978665251317306, 0.9978665251317306], "split2_train_score": [0.9977638305728863, 0.9977638305728863, 0.9977638305728863], "split3_train_score": [0.9979711255990222, 0.9979711255990222, 0.9979711255990222], "split4_train_score": [0.9980742216485327, 0.9980742216485327, 0.9980742216485327], "mean_train_score": [0.9982113380317648, 0.9982113380317648, 0.9982113380317648], "std_train_score": [0.0005939260845410463, 0.0005939260845410463, 0.0005939260845410463], "best_score": 0.5397287112494967, "best_params": {"model__class_weight": null}}