{"mean_fit_time": [31464.864372205735], "std_fit_time": [6249.478075699361], "mean_score_time": [22.481047582626342], "std_score_time": [5.900534586470181], "params": [{}], "split0_test_score": [0.7376207727822082], "split1_test_score": [0.7293077380195908], "split2_test_score": [0.7351089899115598], "split3_test_score": [0.7631494345617008], "split4_test_score": [0.7301514500365891], "mean_test_score": [0.7390676770623297], "std_test_score": [0.012429411045617142], "rank_test_score": [1], "split0_train_score": [0.799945898822347], "split1_train_score": [0.791154939735878], "split2_train_score": [0.7910686058836554], "split3_train_score": [0.7892261753297668], "split4_train_score": [0.7981991029742418], "mean_train_score": [0.7939189445491779], "std_train_score": [0.004299538812879512], "best_score": 0.7390676770623297, "best_params": {}}