{"mean_fit_time": [1.7802433013916015, 2.773529386520386, 2.7843743801116942, 2.8973816871643066, 2.8151221752166746, 2.918936538696289, 2.883874464035034, 1.8483854293823243, 3.7612141609191894, 6.045934724807739, 7.620603847503662, 7.668148565292358, 7.739871168136597, 7.6649693012237545, 1.9872566223144532, 4.054522705078125, 7.547017431259155, 12.828388547897339, 17.966242408752443, 20.785565996170043, 20.51219916343689, 2.178231954574585, 4.3203212261199955, 7.926831245422363, 13.80583291053772, 20.420809412002562, 23.826579284667968, 27.633401346206664, 2.365590143203735, 4.8564403533935545, 9.057106590270996, 16.240698957443236, 24.465245532989503, 28.596443367004394, 32.43294534683228, 2.731701374053955, 5.552350568771362, 9.778075981140137, 17.63698453903198, 25.952497577667238, 28.66050968170166, 25.19368724822998], "std_fit_time": [0.10534104522448708, 0.08147549135412377, 0.025301941233732157, 0.07086604340231029, 0.02598710399131421, 0.06877088057996726, 0.051619852078979116, 0.03216425744236128, 0.08802351364030069, 0.10486366673444505, 0.1479167817115035, 0.08173168185044055, 0.050753457903374134, 0.054293032552096894, 0.05075150162231984, 0.033200263144746466, 0.09542853152667287, 0.2091470340644748, 0.4878767424652076, 0.28883397534428185, 0.38123688611141887, 0.07685679036013038, 0.060429133320647796, 0.10595157424491305, 0.12429547433837071, 0.2601862576768095, 0.6112435457215467, 0.23224524401719562, 0.05699221789424829, 0.03925080568550496, 0.15773973765530855, 0.10827817707837369, 0.6242113635595511, 0.3567608965542917, 0.3218164316840774, 0.05725389810445991, 0.06484008006232081, 0.039949288987088355, 0.11839286159897312, 0.2650285160270981, 0.4615665498953902, 2.91310982629549], "mean_score_time": [0.03057713508605957, 0.0374244213104248, 0.03397979736328125, 0.03633861541748047, 0.03703880310058594, 0.0335146427154541, 0.037128019332885745, 0.03285493850708008, 0.034759235382080075, 0.05020895004272461, 0.05652494430541992, 0.0647890567779541, 0.05461597442626953, 0.05278944969177246, 0.026967859268188475, 0.039201545715332034, 0.04542727470397949, 0.06556186676025391, 0.08860692977905274, 0.08886508941650391, 0.09005255699157715, 0.03192224502563477, 0.036771535873413086, 0.05245428085327149, 0.06951508522033692, 0.09177994728088379, 0.10260639190673829, 0.10163745880126954, 0.038500404357910155, 0.0501798152923584, 0.06635079383850098, 0.08355884552001953, 0.10883898735046386, 0.11846399307250977, 0.11307096481323242, 0.04077835083007812, 0.05131206512451172, 0.060097885131835935, 0.09510383605957032, 0.11686820983886718, 0.10644879341125488, 0.07420387268066406], "std_score_time": [0.010543380943803509, 0.003760710965479271, 0.0057510414053780845, 0.0064941544915380406, 0.006582187455565613, 0.0065165179697193, 0.004855100012374448, 0.007600901194167792, 0.005959610190015299, 0.004695296464230407, 0.0069768361812564995, 0.015454603978880245, 0.003881836680215039, 0.0021936578601169173, 0.003710968251898911, 0.002993782809434818, 0.0017321578457261302, 0.008158684633267223, 0.012491371204838134, 0.0038948283004537373, 0.009364342421666647, 0.004731976326543884, 0.0022483706382972796, 0.002983594368928435, 0.007921749738342396, 0.014861316502103677, 0.011324295271254595, 0.0073519401835672755, 0.0030996561768372047, 0.006619855920780398, 0.01892413324669774, 0.001530302901759267, 0.008167209631446853, 0.006998878788363777, 0.009515230457774733, 0.0026325482912180577, 0.005349175196763437, 0.002438281895969132, 0.01167958908010215, 0.008323729840305499, 0.008124973682684363, 0.015547706515547502], "param_model__max_depth": [2, 2, 2, 2, 2, 2, 2, 4, 4, 4, 4, 4, 4, 4, 8, 8, 8, 8, 8, 8, 8, 16, 16, 16, 16, 16, 16, 16, 32, 32, 32, 32, 32, 32, 32, null, null, null, null, null, null, null], "param_model__max_leaf_nodes": [2, 4, 8, 16, 32, 64, 128, 2, 4, 8, 16, 32, 64, 128, 2, 4, 8, 16, 32, 64, 128, 2, 4, 8, 16, 32, 64, 128, 2, 4, 8, 16, 32, 64, 128, 2, 4, 8, 16, 32, 64, 128], "params": [{"model__max_depth": 2, "model__max_leaf_nodes": 2}, {"model__max_depth": 2, "model__max_leaf_nodes": 4}, {"model__max_depth": 2, "model__max_leaf_nodes": 8}, {"model__max_depth": 2, "model__max_leaf_nodes": 16}, {"model__max_depth": 2, "model__max_leaf_nodes": 32}, {"model__max_depth": 2, "model__max_leaf_nodes": 64}, {"model__max_depth": 2, "model__max_leaf_nodes": 128}, {"model__max_depth": 4, "model__max_leaf_nodes": 2}, {"model__max_depth": 4, "model__max_leaf_nodes": 4}, {"model__max_depth": 4, "model__max_leaf_nodes": 8}, {"model__max_depth": 4, "model__max_leaf_nodes": 16}, {"model__max_depth": 4, "model__max_leaf_nodes": 32}, {"model__max_depth": 4, "model__max_leaf_nodes": 64}, {"model__max_depth": 4, "model__max_leaf_nodes": 128}, {"model__max_depth": 8, "model__max_leaf_nodes": 2}, {"model__max_depth": 8, "model__max_leaf_nodes": 4}, {"model__max_depth": 8, "model__max_leaf_nodes": 8}, {"model__max_depth": 8, "model__max_leaf_nodes": 16}, {"model__max_depth": 8, "model__max_leaf_nodes": 32}, {"model__max_depth": 8, "model__max_leaf_nodes": 64}, {"model__max_depth": 8, "model__max_leaf_nodes": 128}, {"model__max_depth": 16, "model__max_leaf_nodes": 2}, {"model__max_depth": 16, "model__max_leaf_nodes": 4}, {"model__max_depth": 16, "model__max_leaf_nodes": 8}, {"model__max_depth": 16, "model__max_leaf_nodes": 16}, {"model__max_depth": 16, "model__max_leaf_nodes": 32}, {"model__max_depth": 16, "model__max_leaf_nodes": 64}, {"model__max_depth": 16, "model__max_leaf_nodes": 128}, {"model__max_depth": 32, "model__max_leaf_nodes": 2}, {"model__max_depth": 32, "model__max_leaf_nodes": 4}, {"model__max_depth": 32, "model__max_leaf_nodes": 8}, {"model__max_depth": 32, "model__max_leaf_nodes": 16}, {"model__max_depth": 32, "model__max_leaf_nodes": 32}, {"model__max_depth": 32, "model__max_leaf_nodes": 64}, {"model__max_depth": 32, "model__max_leaf_nodes": 128}, {"model__max_depth": null, "model__max_leaf_nodes": 2}, {"model__max_depth": null, "model__max_leaf_nodes": 4}, {"model__max_depth": null, "model__max_leaf_nodes": 8}, {"model__max_depth": null, "model__max_leaf_nodes": 16}, {"model__max_depth": null, "model__max_leaf_nodes": 32}, {"model__max_depth": null, "model__max_leaf_nodes": 64}, {"model__max_depth": null, "model__max_leaf_nodes": 128}], "split0_test_score": [0.7939453125, 0.810546875, 0.810546875, 0.810546875, 0.810546875, 0.810546875, 0.810546875, 0.7939453125, 0.7978515625, 0.81640625, 0.8095703125, 0.8095703125, 0.8095703125, 0.8095703125, 0.7939453125, 0.7978515625, 0.8115234375, 0.81640625, 0.8125, 0.814453125, 0.818359375, 0.7939453125, 0.7978515625, 0.8115234375, 0.8154296875, 0.8134765625, 0.8173828125, 0.8173828125, 0.7939453125, 0.7978515625, 0.8115234375, 0.8154296875, 0.8193359375, 0.8212890625, 0.8251953125, 0.7939453125, 0.7978515625, 0.8115234375, 0.8154296875, 0.8193359375, 0.8212890625, 0.8251953125], "split1_test_score": [0.798828125, 0.80859375, 0.80859375, 0.80859375, 0.80859375, 0.80859375, 0.80859375, 0.798828125, 0.8115234375, 0.8134765625, 0.802734375, 0.802734375, 0.802734375, 0.802734375, 0.798828125, 0.8115234375, 0.8017578125, 0.814453125, 0.8115234375, 0.810546875, 0.81640625, 0.798828125, 0.8115234375, 0.8017578125, 0.810546875, 0.806640625, 0.8173828125, 0.8076171875, 0.798828125, 0.8115234375, 0.8017578125, 0.810546875, 0.8095703125, 0.8173828125, 0.8193359375, 0.798828125, 0.8115234375, 0.8017578125, 0.810546875, 0.8095703125, 0.8173828125, 0.818359375],