{"mean_fit_time": [22.575221824645997], "std_fit_time": [0.11019744152274183], "mean_score_time": [0.02149043083190918], "std_score_time": [0.010303444778595502], "params": [{}], "split0_test_score": [0.8076171875], "split1_test_score": [0.8212890625], "split2_test_score": [0.8211143695014663], "split3_test_score": [0.8211143695014663], "split4_test_score": [0.8211143695014663], "mean_test_score": [0.8184498717008799], "std_test_score": [0.005416764661267662], "rank_test_score": [1], "split0_train_score": [1.0], "split1_train_score": [1.0], "split2_train_score": [1.0], "split3_train_score": [1.0], "split4_train_score": [1.0], "mean_train_score": [1.0], "std_train_score": [0.0], "best_score": 0.8184498717008799, "best_params": {}}