{"mean_fit_time": [170.78472423553467], "std_fit_time": [44.1197116080403], "mean_score_time": [2.401248264312744], "std_score_time": [0.12467755407961886], "param_model__passthrough": [true], "params": [{"model__passthrough": true}], "split0_test_score": [0.822265625], "split1_test_score": [0.8173828125], "split2_test_score": [0.8396871945259042], "split3_test_score": [0.8347996089931574], "split4_test_score": [0.823069403714565], "mean_test_score": [0.8274409289467254], "std_test_score": [0.008380702869256624], "rank_test_score": [1], "split0_train_score": [1.0], "split1_train_score": [1.0], "split2_train_score": [1.0], "split3_train_score": [1.0], "split4_train_score": [1.0], "mean_train_score": [1.0], "std_train_score": [0.0], "best_score": 0.8274409289467254, "best_params": {"model__passthrough": true}}