{"mean_fit_time": [65.1507450580597], "std_fit_time": [0.133165874712145], "mean_score_time": [0.03233757019042969], "std_score_time": [0.004149867212265819], "params": [{}], "split0_test_score": [0.8125], "split1_test_score": [0.8115234375], "split2_test_score": [0.8347996089931574], "split3_test_score": [0.8240469208211144], "split4_test_score": [0.8260019550342131], "mean_test_score": [0.8217743844696971], "std_test_score": [0.008761157107372616], "rank_test_score": [1], "split0_train_score": [1.0], "split1_train_score": [1.0], "split2_train_score": [1.0], "split3_train_score": [1.0], "split4_train_score": [1.0], "mean_train_score": [1.0], "std_train_score": [0.0], "best_score": 0.8217743844696971, "best_params": {}}