{"mean_fit_time": [59.917302799224856], "std_fit_time": [1.034424734065312], "mean_score_time": [0.20315251350402833], "std_score_time": [0.010112010188967365], "params": [{}], "split0_test_score": [0.5791748442121067], "split1_test_score": [0.5884376108474769], "split2_test_score": [0.629633206423964], "split3_test_score": [0.640029414782466], "split4_test_score": [0.5902251129416555], "mean_test_score": [0.6055000378415338], "std_test_score": [0.024462842283791343], "rank_test_score": [1], "split0_train_score": [0.9999859367178106], "split1_train_score": [1.0], "split2_train_score": [1.0], "split3_train_score": [1.0], "split4_train_score": [1.0], "mean_train_score": [0.9999971873435621], "std_train_score": [5.625312875778833e-06], "best_score": 0.6055000378415338, "best_params": {}}