{"mean_fit_time": [4.014217853546143], "std_fit_time": [0.055696940321015166], "mean_score_time": [0.025525426864624022], "std_score_time": [0.00015675354171005809], "params": [{}], "split0_test_score": [0.5332127228159862], "split1_test_score": [0.5369595714441546], "split2_test_score": [0.5854483484413269], "split3_test_score": [0.5670199813351375], "split4_test_score": [0.5416618660134764], "mean_test_score": [0.5528604980100164], "std_test_score": [0.02013327026635192], "rank_test_score": [1], "split0_train_score": [0.6973419500390914], "split1_train_score": [0.7103191337550989], "split2_train_score": [0.7066116566714131], "split3_train_score": [0.6989370423611665], "split4_train_score": [0.7041437367377346], "mean_train_score": [0.7034707039129009], "std_train_score": [0.004802817086448899], "best_score": 0.5528604980100164, "best_params": {}}