{"mean_fit_time": [0.003023099899291992], "std_fit_time": [0.0005952331602041052], "mean_score_time": [0.028751611709594727], "std_score_time": [0.00244753070798408], "params": [{}], "split0_test_score": [0.6044921875], "split1_test_score": [0.6083984375], "split2_test_score": [0.6168132942326491], "split3_test_score": [0.6001955034213099], "split4_test_score": [0.5806451612903226], "mean_test_score": [0.6021089167888563], "std_test_score": [0.012048325334949773], "rank_test_score": [1], "split0_train_score": [0.6977766919130223], "split1_train_score": [0.7016858050329832], "split2_train_score": [0.7005373717635565], "split3_train_score": [0.7068881289692233], "split4_train_score": [0.7085979482169028], "mean_train_score": [0.7030971891791377], "std_train_score": [0.004036878399245624], "best_score": 0.6021089167888563, "best_params": {}}