{"mean_fit_time": [7.980254888534546], "std_fit_time": [0.2351589135791973], "mean_score_time": [0.005573749542236328], "std_score_time": [0.000800066650806597], "params": [{}], "split0_test_score": [0.755859375], "split1_test_score": [0.763671875], "split2_test_score": [0.7839687194525904], "split3_test_score": [0.7712609970674487], "split4_test_score": [0.7683284457478006], "mean_test_score": [0.7686178824535681], "std_test_score": [0.009273192839716105], "rank_test_score": [1], "split0_train_score": [0.875397019301246], "split1_train_score": [0.8805277302711947], "split2_train_score": [0.874694675134343], "split3_train_score": [0.8803126526624329], "split4_train_score": [0.8778700537371763], "mean_train_score": [0.8777604262212787], "std_train_score": [0.002415300051776414], "best_score": 0.7686178824535681, "best_params": {}}