{"mean_fit_time": [129.1864082813263], "std_fit_time": [3.9363598906403308], "mean_score_time": [0.12314181327819824], "std_score_time": [0.010097409872065146], "params": [{}], "split0_test_score": [0.7976429290530467], "split1_test_score": [0.8013898717196739], "split2_test_score": [0.8037940502167031], "split3_test_score": [0.8185568052857243], "split4_test_score": [0.7870659582377983], "mean_test_score": [0.8016899229025893], "std_test_score": [0.010190658521687084], "rank_test_score": [1], "split0_train_score": [1.0], "split1_train_score": [1.0], "split2_train_score": [1.0], "split3_train_score": [1.0], "split4_train_score": [1.0], "mean_train_score": [1.0], "std_train_score": [0.0], "best_score": 0.8016899229025893, "best_params": {}}