{"mean_fit_time": [16.303839874267577], "std_fit_time": [4.470148990304756], "mean_score_time": [0.03510594367980957], "std_score_time": [0.024793314025309352], "params": [{}], "split0_test_score": [0.755859375], "split1_test_score": [0.740234375], "split2_test_score": [0.7605083088954057], "split3_test_score": [0.7526881720430108], "split4_test_score": [0.7565982404692082], "mean_test_score": [0.753177694281525], "std_test_score": [0.006933954201761823], "rank_test_score": [1], "split0_train_score": [0.9736134864402639], "split1_train_score": [0.9677498167603225], "split2_train_score": [0.9772838299951148], "split3_train_score": [0.9706888128969223], "split4_train_score": [0.9662921348314607], "mean_train_score": [0.9711256161848167], "std_train_score": [0.0039764923387642995], "best_score": 0.753177694281525, "best_params": {}}