{"mean_fit_time": [5.766023349761963], "std_fit_time": [0.7590486417190758], "mean_score_time": [0.008709001541137695], "std_score_time": [0.0016390215953796883], "params": [{}], "split0_test_score": [0.7919921875], "split1_test_score": [0.79296875], "split2_test_score": [0.8240469208211144], "split3_test_score": [0.8152492668621701], "split4_test_score": [0.793743890518084], "mean_test_score": [0.8036002031402738], "std_test_score": [0.013406637691843679], "rank_test_score": [1], "split0_train_score": [1.0], "split1_train_score": [1.0], "split2_train_score": [0.9997557401074744], "split3_train_score": [0.9997557401074744], "split4_train_score": [0.9997557401074744], "mean_train_score": [0.9998534440644846], "std_train_score": [0.00011966242026297211], "best_score": 0.8036002031402738, "best_params": {}}