{"mean_fit_time": [0.2542281627655029], "std_fit_time": [0.003367873804328677], "mean_score_time": [0.11421871185302734], "std_score_time": [0.001022523613773281], "params": [{}], "split0_test_score": [0.70703125], "split1_test_score": [0.7060546875], "split2_test_score": [0.7253176930596286], "split3_test_score": [0.7204301075268817], "split4_test_score": [0.696969696969697], "mean_test_score": [0.7111606870112416], "std_test_score": [0.010303889133212415], "rank_test_score": [1], "split0_train_score": [0.7322257512826778], "split1_train_score": [0.7361348644026386], "split2_train_score": [0.7300928187591598], "split3_train_score": [0.7308255984367367], "split4_train_score": [0.7369320957498778], "mean_train_score": [0.7332422257262181], "std_train_score": [0.00278476466864327], "best_score": 0.7111606870112416, "best_params": {}}