{"mean_fit_time": [0.7865005970001221], "std_fit_time": [0.2167549263425644], "mean_score_time": [0.0367220401763916], "std_score_time": [0.0119311400288883], "params": [{}], "split0_test_score": [0.78125], "split1_test_score": [0.7607421875], "split2_test_score": [0.7790811339198436], "split3_test_score": [0.7996089931573802], "split4_test_score": [0.7849462365591398], "mean_test_score": [0.7811257102272728], "std_test_score": [0.01245722206854033], "rank_test_score": [1], "split0_train_score": [0.8441241143415588], "split1_train_score": [0.8529196188614708], "split2_train_score": [0.8522227650219834], "split3_train_score": [0.8444064484611626], "split4_train_score": [0.8527112848070347], "mean_train_score": [0.8492768462986421], "std_train_score": [0.0040991467076413116], "best_score": 0.7811257102272728, "best_params": {}}