{"mean_fit_time": [4.407184648513794], "std_fit_time": [0.5991547948900716], "mean_score_time": [0.007854604721069336], "std_score_time": [0.001273182916875576], "params": [{}], "split0_test_score": [0.6628646835956203], "split1_test_score": [0.636730296444361], "split2_test_score": [0.6675240543614962], "split3_test_score": [0.6337331434490144], "split4_test_score": [0.6629406365766259], "mean_test_score": [0.6527585628854236], "std_test_score": [0.014440913744144485], "rank_test_score": [1], "split0_train_score": [0.9993809872066521], "split1_train_score": [0.9978665251317306], "split2_train_score": [0.9977638305728863], "split3_train_score": [0.9979711255990222], "split4_train_score": [0.9980742216485327], "mean_train_score": [0.9982113380317648], "std_train_score": [0.0005939260845410463], "best_score": 0.6527585628854236, "best_params": {}}