{"mean_fit_time": [23.538547229766845], "std_fit_time": [0.2261683465945741], "mean_score_time": [0.006150436401367187], "std_score_time": [0.0004947964227815693], "params": [{}], "split0_test_score": [0.775390625], "split1_test_score": [0.78515625], "split2_test_score": [0.8025415444770283], "split3_test_score": [0.7927663734115347], "split4_test_score": [0.7878787878787878], "mean_test_score": [0.7887467161534703], "std_test_score": [0.00892731595204028], "rank_test_score": [1], "split0_train_score": [0.9127779135108722], "split1_train_score": [0.9105790373808942], "split2_train_score": [0.9115779189057157], "split3_train_score": [0.9137762579384465], "split4_train_score": [0.9108451392281387], "mean_train_score": [0.9119112533928135], "std_train_score": [0.001204313290658922], "best_score": 0.7887467161534703, "best_params": {}}