{
    "mean_fit_time": [
        7.881087827682495
    ],
    "std_fit_time": [
        0.6206157134727048
    ],
    "mean_score_time": [
        0.07670779228210449
    ],
    "std_score_time": [
        0.010445568842321484
    ],
    "params": [
        {}
    ],
    "split0_test_score": [
        0.49766450384983274
    ],
    "split1_test_score": [
        0.4666592137032478
    ],
    "split2_test_score": [
        0.5421711257279221
    ],
    "split3_test_score": [
        0.5538066338594085
    ],
    "split4_test_score": [
        0.4500329169397451
    ],
    "mean_test_score": [
        0.5020668788160314
    ],
    "std_test_score": [
        0.040659487736427344
    ],
    "rank_test_score": [
        1
    ],
    "split0_train_score": [
        1.0
    ],
    "split1_train_score": [
        1.0
    ],
    "split2_train_score": [
        1.0
    ],
    "split3_train_score": [
        1.0
    ],
    "split4_train_score": [
        1.0
    ],
    "mean_train_score": [
        1.0
    ],
    "std_train_score": [
        0.0
    ],
    "best_score": 0.5020668788160314,
    "best_params": {}
}