{"mean_fit_time": [352.64873785972594], "std_fit_time": [2.8316001654159377], "mean_score_time": [0.43558945655822756], "std_score_time": [0.00851252318412837], "params": [{}], "split0_test_score": [0.7393856150256674], "split1_test_score": [0.7190991911710412], "split2_test_score": [0.7491437662033847], "split3_test_score": [0.7377323916770145], "split4_test_score": [0.7287377498306765], "mean_test_score": [0.7348197427815568], "std_test_score": [0.010184642763693475], "rank_test_score": [1], "split0_train_score": [0.8834931757362671], "split1_train_score": [0.8987690337806274], "split2_train_score": [0.889625443403803], "split3_train_score": [0.8816737152536216], "split4_train_score": [0.8843273432712708], "mean_train_score": [0.8875777422891179], "std_train_score": [0.006189416742129696], "best_score": 0.7348197427815568, "best_params": {}}