{"mean_fit_time": [0.4879453659057617], "std_fit_time": [0.03224971437222333], "mean_score_time": [0.23926334381103515], "std_score_time": [0.022965850752089817], "params": [{}], "split0_test_score": [0.24967585216182042], "split1_test_score": [0.24967585216182042], "split2_test_score": [0.24988749012668462], "split3_test_score": [0.2499682593283821], "split4_test_score": [0.2499682593283821], "mean_test_score": [0.24983514262141795], "std_test_score": [0.00013336212182714062], "rank_test_score": [1], "split0_train_score": [0.25545544855260127], "split1_train_score": [0.2550312946032924], "split2_train_score": [0.25518925181345786], "split3_train_score": [0.25668899499837206], "split4_train_score": [0.25690092242714885], "mean_train_score": [0.2558531824789745], "std_train_score": [0.0007836883885291362], "best_score": 0.24983514262141795, "best_params": {}}