{"mean_fit_time": [1844.6510852336883], "std_fit_time": [1.1736521546455558], "mean_score_time": [13.73203477859497], "std_score_time": [0.11735280555707986], "params": [{}], "split0_test_score": [0.7993408432307553], "split1_test_score": [0.8050855616455683], "split2_test_score": [0.8138058490009789], "split3_test_score": [0.8291404769697018], "split4_test_score": [0.7966660520172302], "mean_test_score": [0.8088077565728469], "std_test_score": [0.011741368058927762], "rank_test_score": [1], "split0_train_score": [1.0], "split1_train_score": [1.0], "split2_train_score": [1.0], "split3_train_score": [1.0], "split4_train_score": [1.0], "mean_train_score": [1.0], "std_train_score": [0.0], "best_score": 0.8088077565728469, "best_params": {}}