{"mean_fit_time": [64.84490303993225, 133.27628135681152, 234.32719497680665, 126.29315667152405, 252.06669964790345, 483.91367120742797, 352.6769113063812, 727.9238299369812, 1107.6875339984895, 817.5847445964813, 1452.6874950885772, 1894.528125, 78.73274035453797, 122.01114206314087, 189.40448031425476, 104.10427575111389, 208.5169976711273, 354.15395550727845, 256.2325189590454, 442.1795681476593, 593.6021591186524, 453.8106626033783, 742.9423361301422, 759.7152921199798, 53.09222831726074, 109.87869205474854, 192.75371561050414, 111.03439106941224, 190.09278092384338, 327.8609365940094, 240.81920347213745, 370.702388048172, 462.37832856178284, 417.71697931289674, 527.0195958614349, 502.2978271484375, 47.97647585868835, 92.97369923591614, 163.9962499141693, 98.80361018180847, 172.6579261779785, 290.91463136672974, 239.1976303100586, 320.3949741363525, 336.0021724700928, 411.83386220932005, 379.17437925338743, 378.7336918354034], "std_fit_time": [3.521794968788903, 1.8967035310693736, 8.349626338540356, 8.89489004311427, 11.46940571063314, 27.597953894078344, 21.63235136757999, 68.18780304788751, 171.170133302378, 44.89849786137935, 43.46139725441867, 162.9128993717544, 3.4440463934105625, 24.306276768392074, 3.6306146358521865, 3.1448239016482753, 8.662451205672506, 8.251183619875254, 6.046793001046505, 6.803599677935114, 34.117065571438644, 31.410851377719215, 28.00926113022299, 15.341830974210477, 4.5566721004103075, 8.374635852150645, 5.558715588017294, 4.647163685158495, 7.3199605081970205, 4.683009699719317, 9.90256560761858, 10.439510392131252, 9.988495326435029, 17.0901974155513, 43.35648757215572, 11.648314989641356, 2.88804789297699, 4.230447149969752, 2.9750482004405407, 2.6545044061074767, 8.30025258456881, 28.62838641646923, 25.949707430940954, 2.452644575559652, 5.670340945307226, 40.81764642073856, 2.662133491478833, 23.218181570474368], "mean_score_time": [0.07096443176269532, 0.09313464164733887, 0.09088702201843261, 0.1022857666015625, 0.1124105453491211, 0.12417464256286621, 0.18966331481933593, 0.21858773231506348, 0.3212446212768555, 0.6285159587860107, 0.6173582553863526, 0.3673664093017578, 0.08740100860595704, 0.08206868171691895, 0.08600683212280273, 0.07491040229797363, 0.10572853088378906, 0.14488425254821777, 0.17146039009094238, 0.1329740047454834, 0.09897942543029785, 0.1636681079864502, 0.19170336723327636, 0.1998323917388916, 0.11624460220336914, 0.07869124412536621, 0.07753639221191407, 0.10240483283996582, 0.07799882888793945, 0.11269779205322265, 0.12320952415466309, 0.13071599006652831, 0.14660959243774413, 0.12166924476623535, 0.1314551830291748, 0.09305038452148437, 0.05930795669555664, 0.07288403511047363, 0.06906752586364746, 0.08669209480285645, 0.0859227180480957, 0.09153003692626953, 0.1224442958831787, 0.1256044864654541, 0.10443282127380371, 0.19447245597839355, 0.1051856517791748, 0.11714816093444824], "std_score_time": [0.01399087503625003, 0.04082774571030694, 0.0441377729951343, 0.0397901412355136, 0.01590412077209747, 0.025590430986024273, 0.06100080184018886, 0.17145974284291154, 0.08958310275190187, 0.19755327961000338, 0.13729878797789088, 0.11047641815714344, 0.01093881309536355, 0.011830616989403846, 0.01313130044609103, 0.007763837826415966, 0.032564016920083, 0.05403613980937691, 0.0203744008266887, 0.02854428241682872, 0.010635619413640662, 0.07897325383605942, 0.028740713184779276, 0.07384908092284398, 0.047153145041734755, 0.012043703232232897, 0.013275317633727262, 0.02760161860802743, 0.023558730283841485, 0.04699999784263804, 0.02910266309690847, 0.037095168064027816, 0.06541761347270506, 0.03196682723952624, 0.055770535082551975, 0.01367563696459389, 0.011807380547398586, 0.02195226009644934, 0.011331408149855176, 0.01731124805846266, 0.028689079256019073, 0.035284100017330886, 0.01458828894493832, 0.050926007619918806, 0.025643201163226936, 0.06382861836619436, 0.0354254943929316, 0.025602617973569552], "param_model__learning_rate": [0.05, 0.05, 0.05, 0.05, 0.05, 0.05, 0.05, 0.05, 0.05, 0.05, 0.05, 0.05, 0.1, 0.1, 0.1, 0.1, 0.1, 0.1, 0.1, 0.1, 0.1, 0.1, 0.1, 0.1, 0.15, 0.15, 0.15, 0.15, 0.15, 0.15, 0.15, 0.15, 0.15, 0.15, 0.15, 0.15, 0.2, 0.2, 0.2, 0.2, 0.2, 0.2, 0.2, 0.2, 0.2, 0.2, 0.2, 0.2], "param_model__n_estimators": [100, 100, 100, 200, 200, 200, 500, 500, 500, 1000, 1000, 1000, 100, 100, 100, 200, 200, 200, 500, 500, 500, 1000, 1000, 1000, 100, 100, 100, 200, 200, 200, 500, 500, 500, 1000, 1000, 1000, 100, 100, 100, 200, 200, 200, 500, 500, 500, 1000, 1000, 1000], "param_model__num_leaves": [8, 16, 32, 8, 16, 32, 8, 16, 32, 8, 16, 32, 8, 16, 32, 8, 16, 32, 8, 16, 32, 8, 16, 32, 8, 16, 32, 8, 16, 32, 8, 16, 32, 8, 16, 32, 8, 16, 32, 8, 16, 32, 8, 16, 32, 8, 16, 32], "params": [{"model__learning_rate": 0.05, "model__n_estimators": 100, "model__num_leaves": 8}, {"model__learning_rate": 0.05, "model__n_estimators": 100, "model__num_leaves": 16}, {"model__learning_rate": 0.05, "model__n_estimators": 100, "model__num_leaves": 32}, {"model__learning_rate": 0.05, "model__n_estimators": 200, "model__num_leaves": 8}, {"model__learning_rate": 0.05, "model__n_estimators": 200, "model__num_leaves": 16}, {"model__learning_rate": 0.05, "model__n_estimators": 200, "model__num_leaves": 32}, {"model__learning_rate": 0.05, "model__n_estimators": 500, "model__num_leaves": 8}, {"model__learning_rate": 0.05, "model__n_estimators": 500, "model__num_leaves": 16}, {"model__learning_rate": 0.05, "model__n_estimators": 500, "model__num_leaves": 32}, {"model__learning_rate": 0.05, "model__n_estimators": 1000, "model__num_leaves": 8}, {"model__learning_rate": 0.05, "model__n_estimators": 1000, "model__num_leaves": 16}, {"model__learning_rate": 0.05, "model__n_estimators": 1000, "model__num_leaves": 32}, {"model__learning_rate": 0.1, "model__n_estimators": 100, "model__num_leaves": 8}, {"model__learning_rate": 0.1, "model__n_estimators": 100, "model__num_leaves": 16}, {"model__learning_rate": 0.1, "model__n_estimators": 100, "model__num_leaves": 32}, {"model__learning_rate": 0.1, "model__n_estimators": 200, "model__num_leaves": 8}, {"model__learning_rate": 0.1, "model__n_estimators": 200, "model__num_leaves": 16}, {"model__learning_rate": 0.1, "model__n_estimators": 200, "model__num_leaves": 32}, {"model__learning_rate": 0.1, "model__n_estimators": 500, "model__num_leaves": 8}, {"model__learning_rate": 0.1, "model__n_estimators": 500, "model__num_leaves": 16}, {"model__learning_rate": 0.1, "model__n_estimators": 500, "model__num_leaves": 32}, {"model__learning_rate": 0.1, "model__n_estimators": 1000, "model__num_leaves": 8}, {"model__learning_rate": 0.1, "model__n_estimators": 1000, "model__num_leaves": 16}, {"model__learning_rate": 0.1, "model__n_estimators": 1000, "model__num_leaves": 32}, {"model__learning_rate": 0.15, "model__n_estimators": 100, "model__num_leaves": 8}, {"model__learning_rate": 0.15, "model__n_estimators": 100, "model__num_leaves": 16}, {"model__learning_rate": 0.15, "model__n_estimators": 100, "model__num_leaves": 32}, {"model__learning_rate": 0.15, "model__n_estimators": 200, "model__num_leaves": 8}, {"model__learning_rate": 0.15, "model__n_estimators": 200, "model__num_leaves": 16}, {"model__learning_rate": 0.15, "model__n_estimators": 200, "model__num_leaves": 32}, {"model__learning_rate": 0.15, "model__n_estimators": 500, "model__num_leaves": 8}, {"model__learning_rate": 0.15, "model__n_estimators": 500, "model__num_leaves": 16}, {"model__learning_rate": 0.15, "model__n_estimators": 500, "model__num_leaves": 32}, {"model__learning_rate": 0.15, "model__n_estimators": 1000, "model__num_leaves": 8}, {"model__learning_rate": 0.15, "model__n_estimators": 1000, "model__num_leaves": 16}, {"model__learning_rate": 0.15, "model__n_estimators": 1000, "model__num_leaves": 32}, {"model__learning_rate": 0.2, "model__n_estimators": 100, "model__num_leaves": 8}, {"model__learning_rate": 0.2, "model__n_estimators": 100, "model__num_leaves": 16}, {"model__learning_rate": 0.2,