{"mean_fit_time": [3.2594857692718504, 13.858336019515992], "std_fit_time": [0.402038079396494, 0.6956998035883417], "mean_score_time": [0.017779064178466798, 0.0554959774017334], "std_score_time": [0.00269764365731787, 0.005724670900794989], "param_model__early_stopping": [true, false], "params": [{"model__early_stopping": true}, {"model__early_stopping": false}], "split0_test_score": [0.8125, 0.8193359375], "split1_test_score": [0.80078125, 0.8095703125], "split2_test_score": [0.8211143695014663, 0.8299120234604106], "split3_test_score": [0.8123167155425219, 0.8260019550342131], "split4_test_score": [0.8211143695014663, 0.8240469208211144], "mean_test_score": [0.813565340909091, 0.8217734298631477], "std_test_score": [0.007484686530610698, 0.006987751203339445], "rank_test_score": [2, 1], "split0_train_score": [0.9731248473002687, 1.0], "split1_train_score": [0.9799657952602003, 1.0], "split2_train_score": [0.9789936492427943, 1.0], "split3_train_score": [0.9824132877381534, 1.0], "split4_train_score": [0.9792379091353199, 1.0], "mean_train_score": [0.9787470977353474, 1.0], "std_train_score": [0.0030606390255849226, 0.0], "best_score": 0.8217734298631477, "best_params": {"model__early_stopping": false}}