{"mean_fit_time": [13.800165176391602], "std_fit_time": [0.26086345558324925], "mean_score_time": [0.07481303215026855], "std_score_time": [0.0023602985300648677], "params": [{}], "split0_test_score": [0.7911092880963367], "split1_test_score": [0.7948149614768213], "split2_test_score": [0.8080132622310882], "split3_test_score": [0.808065856092299], "split4_test_score": [0.807405454258385], "mean_test_score": [0.8018817644309861], "std_test_score": [0.007380180954841938], "rank_test_score": [1], "split0_train_score": [1.0], "split1_train_score": [1.0], "split2_train_score": [1.0], "split3_train_score": [1.0], "split4_train_score": [1.0], "mean_train_score": [1.0], "std_train_score": [0.0], "best_score": 0.8018817644309861, "best_params": {}}