{"mean_fit_time": [23.791933250427245], "std_fit_time": [0.06639112031141083], "mean_score_time": [0.0070416927337646484], "std_score_time": [0.0005075407986674932], "params": [{}], "split0_test_score": [0.6274116483006643], "split1_test_score": [0.6123097398126173], "split2_test_score": [0.6366136778929752], "split3_test_score": [0.6060374363014155], "split4_test_score": [0.6087280156966814], "mean_test_score": [0.6182201036008708], "std_test_score": [0.011800487995223246], "rank_test_score": [1], "split0_train_score": [0.7912692215811634], "split1_train_score": [0.7950155921888199], "split2_train_score": [0.7976461120035463], "split3_train_score": [0.7927314135578264], "split4_train_score": [0.7988663384674711], "mean_train_score": [0.7951057355597655], "std_train_score": [0.0028621676054971733], "best_score": 0.6182201036008708, "best_params": {}}