{"mean_fit_time": [0.27614803314208985], "std_fit_time": [0.007226115248383771], "mean_score_time": [0.11119804382324219], "std_score_time": [0.00047111020394521256], "params": [{}], "split0_test_score": [0.60546875], "split1_test_score": [0.6240234375], "split2_test_score": [0.6256109481915934], "split3_test_score": [0.6089931573802542], "split4_test_score": [0.6089931573802542], "mean_test_score": [0.6146178900904202], "std_test_score": [0.008441488601015575], "rank_test_score": [1], "split0_train_score": [0.6281456144637185], "split1_train_score": [0.6274126557537258], "split2_train_score": [0.625305324865657], "split3_train_score": [0.6340986809965804], "split4_train_score": [0.6358085002442599], "mean_train_score": [0.6301541552647884], "std_train_score": [0.004064286219101781], "best_score": 0.6146178900904202, "best_params": {}}