{"mean_fit_time": [0.9057531356811523], "std_fit_time": [0.004644367141568098], "mean_score_time": [0.003440093994140625], "std_score_time": [0.000406942016555103], "params": [{}], "split0_test_score": [0.6201171875], "split1_test_score": [0.6240234375], "split2_test_score": [0.6265884652981427], "split3_test_score": [0.6070381231671554], "split4_test_score": [0.5982404692082112], "mean_test_score": [0.6152015365347018], "std_test_score": [0.010825625435798406], "rank_test_score": [1], "split0_train_score": [0.9975568043000245], "split1_train_score": [0.9963352064500367], "split2_train_score": [0.9963361016121153], "split3_train_score": [0.9956033219345384], "split4_train_score": [0.9965803615046409], "mean_train_score": [0.9964823591602713], "std_train_score": [0.0006292516909134816], "best_score": 0.6152015365347018, "best_params": {}}