{"mean_fit_time": [0.19092149734497071], "std_fit_time": [0.004314390690096905], "mean_score_time": [0.003744173049926758], "std_score_time": [0.0003240524213393124], "params": [{}], "split0_test_score": [0.7958984375], "split1_test_score": [0.763671875], "split2_test_score": [0.7956989247311828], "split3_test_score": [0.804496578690127], "split4_test_score": [0.7771260997067448], "mean_test_score": [0.787378383125611], "std_test_score": [0.014845626974621384], "rank_test_score": [1], "split0_train_score": [0.825800146591742], "split1_train_score": [0.8321524554116785], "split2_train_score": [0.8297508549096239], "split3_train_score": [0.8229115779189057], "split4_train_score": [0.826819736199316], "mean_train_score": [0.8274869542062531], "std_train_score": [0.003197396311392232], "best_score": 0.787378383125611, "best_params": {}}