{"mean_fit_time": [27.592655611038207], "std_fit_time": [0.6326256690410111], "mean_score_time": [0.01082453727722168], "std_score_time": [0.0009612562933270067], "params": [{}], "split0_test_score": [0.7737237660463244], "split1_test_score": [0.7720158913478088], "split2_test_score": [0.7875296663936167], "split3_test_score": [0.8038556035902336], "split4_test_score": [0.7749830104175197], "mean_test_score": [0.7824215875591006], "std_test_score": [0.012039705604403705], "rank_test_score": [1], "split0_train_score": [0.9018182342406124], "split1_train_score": [0.898280500460474], "split2_train_score": [0.8991266890023529], "split3_train_score": [0.894448584167238], "split4_train_score": [0.8985824853010149], "mean_train_score": [0.8984512986343385], "std_train_score": [0.002360530134899606], "best_score": 0.7824215875591006, "best_params": {}}