{"mean_fit_time": [84.92554421424866], "std_fit_time": [0.777101699641198], "mean_score_time": [0.012195348739624023], "std_score_time": [0.0006891536601129553], "params": [{}], "split0_test_score": [0.7809138061211743], "split1_test_score": [0.7832745345808412], "split2_test_score": [0.802139884239268], "split3_test_score": [0.802343173982076], "split4_test_score": [0.797030550068918], "mean_test_score": [0.7931403897984555], "std_test_score": [0.009248134205804767], "rank_test_score": [1], "split0_train_score": [0.9162333308187296], "split1_train_score": [0.923918658794692], "split2_train_score": [0.9211924965947441], "split3_train_score": [0.9240346971458153], "split4_train_score": [0.9233686335830589], "mean_train_score": [0.921749563387408], "std_train_score": [0.0029423577158936877], "best_score": 0.7931403897984555, "best_params": {}}