{"mean_fit_time": [11.576024913787842], "std_fit_time": [3.0782488475027763], "mean_score_time": [0.02028059959411621], "std_score_time": [0.004922858087272538], "params": [{}], "split0_test_score": [0.7666015625], "split1_test_score": [0.7470703125], "split2_test_score": [0.7683284457478006], "split3_test_score": [0.7927663734115347], "split4_test_score": [0.7996089931573802], "mean_test_score": [0.7748751374633432], "std_test_score": [0.019059273058445188], "rank_test_score": [1], "split0_train_score": [0.9066699242609333], "split1_train_score": [0.9232836550207671], "split2_train_score": [0.9181729360039081], "split3_train_score": [0.9301416707376648], "split4_train_score": [0.9186614557889594], "mean_train_score": [0.9193859283624466], "std_train_score": [0.007675561717898688], "best_score": 0.7748751374633432, "best_params": {}}