{"mean_fit_time": [118.7246757030487], "std_fit_time": [3.654733542451634], "mean_score_time": [2.145351219177246], "std_score_time": [0.1742667985704333], "params": [{}], "split0_test_score": [0.7781372320937808], "split1_test_score": [0.7869583047643803], "split2_test_score": [0.7882425325430353], "split3_test_score": [0.8055982396742635], "split4_test_score": [0.7914984229658548], "mean_test_score": [0.790086946408263], "std_test_score": [0.008928363994554924], "rank_test_score": [1], "split0_train_score": [1.0], "split1_train_score": [1.0], "split2_train_score": [1.0], "split3_train_score": [1.0], "split4_train_score": [1.0], "mean_train_score": [1.0], "std_train_score": [0.0], "best_score": 0.790086946408263, "best_params": {}}