{"mean_fit_time": [50.98655414581299], "std_fit_time": [0.0852584464692614], "mean_score_time": [0.009393405914306641], "std_score_time": [0.0013620856420475573], "params": [{}], "split0_test_score": [0.794921875], "split1_test_score": [0.802734375], "split2_test_score": [0.8113391984359726], "split3_test_score": [0.823069403714565], "split4_test_score": [0.8220918866080157], "mean_test_score": [0.8108313477517107], "std_test_score": [0.010913294208268972], "rank_test_score": [1], "split0_train_score": [0.9254825311507452], "split1_train_score": [0.9257268507207427], "split2_train_score": [0.9228138739618954], "split3_train_score": [0.9240351734245237], "split4_train_score": [0.9230581338544211], "mean_train_score": [0.9242233126224656], "std_train_score": [0.0012021491897553313], "best_score": 0.8108313477517107, "best_params": {}}