{"mean_fit_time": [1.9469994068145753], "std_fit_time": [0.47234808030976144], "mean_score_time": [0.01671257019042969], "std_score_time": [0.006029703805036783], "params": [{}], "split0_test_score": [0.7646484375], "split1_test_score": [0.7548828125], "split2_test_score": [0.7683284457478006], "split3_test_score": [0.7741935483870968], "split4_test_score": [0.7595307917888563], "mean_test_score": [0.7643168071847508], "std_test_score": [0.006718027068809772], "rank_test_score": [1], "split0_train_score": [0.9982897630100172], "split1_train_score": [0.9973124847300269], "split2_train_score": [0.9975574010747436], "split3_train_score": [0.9980459208597948], "split4_train_score": [0.9982901807523205], "mean_train_score": [0.9978991500853805], "std_train_score": [0.00039698708418446405], "best_score": 0.7643168071847508, "best_params": {}}