{"mean_fit_time": [12.725087690353394], "std_fit_time": [0.057328866149382894], "mean_score_time": [0.015200138092041016], "std_score_time": [0.0011663843831677522], "params": [{}], "split0_test_score": [0.8046875], "split1_test_score": [0.7939453125], "split2_test_score": [0.8279569892473119], "split3_test_score": [0.8084066471163245], "split4_test_score": [0.820136852394917], "mean_test_score": [0.8110266602517108], "std_test_score": [0.011903390301311371], "rank_test_score": [1], "split0_train_score": [1.0], "split1_train_score": [1.0], "split2_train_score": [1.0], "split3_train_score": [1.0], "split4_train_score": [1.0], "mean_train_score": [1.0], "std_train_score": [0.0], "best_score": 0.8110266602517108, "best_params": {}}