{"mean_fit_time": [15.90401315689087, 25.276376008987427, 33.34388308525085, 17.327506256103515, 25.445959424972536, 31.651648664474486, 16.175222444534302, 21.028625297546387, 23.87304320335388, 12.293646717071534, 14.37976016998291, 16.063310050964354, 7.4828578472137455, 8.454977369308471, 9.369332027435302, 3.559699201583862, 3.774018335342407, 4.027676677703857, 2.7932831764221193, 2.9785398960113527, 3.072770833969116, 2.1080472469329834, 2.211169624328613, 2.0463480949401855], "std_fit_time": [0.1455600195158871, 0.27557520395215, 0.14204974092443956, 0.3192476168213618, 0.19664904918377915, 0.2551042429769794, 0.21681674935161527, 0.15735379541633895, 0.3784014869011232, 0.3677892448505691, 0.2399580857464144, 0.10942552178090374, 1.514031010010183, 1.9830180868330574, 2.185120785710303, 0.30355003642577455, 0.4667276714800674, 0.5750584794520675, 0.19331500868691562, 0.3514155968573082, 0.43391129292940583, 0.26086821184684017, 0.34196034085999205, 0.4367335268717501], "mean_score_time": [0.07518539428710938, 0.09041757583618164, 0.10249781608581543, 0.06669096946716309, 0.08859858512878419, 0.13219480514526366, 0.0657233715057373, 0.09884786605834961, 0.11344499588012695, 0.06132502555847168, 0.07742648124694824, 0.09290866851806641, 0.046006965637207034, 0.060465431213378905, 0.07269463539123536, 0.03772072792053223, 0.04144611358642578, 0.05208883285522461, 0.0359342098236084, 0.04303951263427734, 0.05315980911254883, 0.03278956413269043, 0.03976216316223145, 0.031745290756225585], "std_score_time": [0.007192805824249649, 0.008277405107526847, 0.007118633577393068, 0.00544207367084352, 0.0029898982065738097, 0.020621367297714424, 0.010574070611717454, 0.031944910013272744, 0.003427050286444111, 0.007186486808140751, 0.0035538672613934443, 0.0037909204891304303, 0.0054629073325471586, 0.008816650539676636, 0.009261463550131938, 0.002598448241768537, 0.0023279340752126025, 0.0013693395246786582, 0.0033720179436895845, 0.0021576758558229177, 0.0038677510223871004, 0.003602059545092581, 0.0019106582870857685, 0.006684239221955196], "param_model__learning_rate": [0.01, 0.01, 0.01, 0.05, 0.05, 0.05, 0.1, 0.1, 0.1, 0.2, 0.2, 0.2, 0.4, 0.4, 0.4, 0.6, 0.6, 0.6, 0.8, 0.8, 0.8, 1.0, 1.0, 1.0], "param_model__max_iter": [200, 300, 400, 200, 300, 400, 200, 300, 400, 200, 300, 400, 200, 300, 400, 200, 300, 400, 200, 300, 400, 200, 300, 400], "params": [{"model__learning_rate": 0.01, "model__max_iter": 200}, {"model__learning_rate": 0.01, "model__max_iter": 300}, {"model__learning_rate": 0.01, "model__max_iter": 400}, {"model__learning_rate": 0.05, "model__max_iter": 200}, {"model__learning_rate": 0.05, "model__max_iter": 300}, {"model__learning_rate": 0.05, "model__max_iter": 400}, {"model__learning_rate": 0.1, "model__max_iter": 200}, {"model__learning_rate": 0.1, "model__max_iter": 300}, {"model__learning_rate": 0.1, "model__max_iter": 400}, {"model__learning_rate": 0.2, "model__max_iter": 200}, {"model__learning_rate": 0.2, "model__max_iter": 300}, {"model__learning_rate": 0.2, "model__max_iter": 400}, {"model__learning_rate": 0.4, "model__max_iter": 200}, {"model__learning_rate": 0.4, "model__max_iter": 300}, {"model__learning_rate": 0.4, "model__max_iter": 400}, {"model__learning_rate": 0.6, "model__max_iter": 200}, {"model__learning_rate": 0.6, "model__max_iter": 300}, {"model__learning_rate": 0.6, "model__max_iter": 400}, {"model__learning_rate": 0.8, "model__max_iter": 200}, {"model__learning_rate": 0.8, "model__max_iter": 300}, {"model__learning_rate": 0.8, "model__max_iter": 400}, {"model__learning_rate": 1.0, "model__max_iter": 200}, {"model__learning_rate": 1.0, "model__max_iter": 300}, {"model__learning_rate": 1.0, "model__max_iter": 400}], "split0_test_score": [0.806640625, 0.8095703125, 0.810546875, 0.810546875, 0.8125, 0.810546875, 0.8134765625, 0.81640625, 0.8193359375, 0.8173828125, 0.8193359375, 0.818359375, 0.5283203125, 0.5283203125, 0.5283203125, 0.5849609375, 0.5849609375, 0.5849609375, 0.4521484375, 0.4521484375, 0.4521484375, 0.6513671875, 0.6513671875, 0.6513671875], "split1_test_score": [0.7998046875, 0.8076171875, 0.8056640625, 0.8154296875, 0.80859375, 0.8134765625, 0.810546875, 0.8154296875, 0.8125, 0.818359375, 0.8193359375, 0.818359375, 0.80078125, 0.8056640625, 0.8046875, 0.65625, 0.65625, 0.65625, 0.4853515625, 0.4853515625, 0.4853515625, 0.587890625, 0.587890625, 0.587890625], "split2_test_score": [0.8181818181818182, 0.8279569892473119, 0.8299120234604106, 0.8279569892473119, 0.8250244379276638, 0.8260019550342131, 0.823069403714565, 0.8250244379276638, 0.8250244379276638, 0.8172043010752689, 0.8181818181818182, 0.8220918866080157, 0.820136852394917, 0.823069403714565, 0.8220918866080157, 0.6109481915933529, 0.6109481915933529, 0.6109481915933529, 0.4574780058651026, 0.4574780058651026, 0.4574780058651026, 0.6148582600195504, 0.6148582600195504, 0.6148582600195504], "split3_test_score": [0.8260019550342131, 0.8240469208211144, 0.823069403714565, 0.8191593352883676, 0.8220918866080157, 0.823069403714565, 0.8250244379276638, 0.8299120234604106, 0.8260019550342131, 0.8250244379276638, 0.8260019550342131, 0.8279569892473119, 0.8142717497556208, 0.8142717497556208, 0.8142717497556208, 0.5865102639296188, 0.5865102639296188, 0.5865102639296188, 0.6334310850439883, 0.6334310850439883, 0.6334310850439883, 0.4046920821114369, 0.4046920821114369, 0.4046920821114369], "split4_test_score": [0.8191593352883676, 0.8260019550342131, 0.8269794721407625, 0.8191593352883676, 0.8240469208211144, 0.8260019550342131, 0.8211143695014663, 0.8260019550342131, 0.8240469208211144, 0.823069403714565, 0.8220918866080157, 0.823069403714565, 0.8220918866080157, 0.8240469208211144, 0.8250244379276638, 0.6177908113391984, 0.6177908113391984, 0.6177908113391984, 0.5884652981427175, 0.5884652981427175, 0.5884652981427175, 0.6265884652981427, 0.6265884652981427, 0.6265884652981427], "mean_test_score": [0.8139576842008799, 0.8190386730205279, 0.8192343673631477, 0.8184504444648095, 0.8184513990713589, 0.8198193502565984, 0.8186463297287391, 0.8225548707844575, 0.8213818502565984, 0.8202080660434996, 0.8209895069648094, 0.8219674059139785, 0.7571204102517107, 0.7590744898582601, 0.7588791773582602, 0.6112920408724339, 0.6112920408724339, 0.6112920408724339, 0.5233748778103616, 0.5233748778103616, 0.5233748778103616, 0.577079323985826, 0.577079323985826, 0.577079323985826], "std_test_score": [0.009421375831542442, 0.008639518380065292, 0.009469236391630102, 0.005709130039273707, 0.006638678318515949, 0.006530265003221453, 0.005633164796156471, 0.005668908564885777, 0.004995786969029702, 0.003218913218406744, 0.002817501615909366, 0.0035536116066638324, 0.11464239528735896, 0.11556953052781935, 0.11549473734440412, 0.02596549176147281, 0.02596549176147281, 0.02596549176147281, 0.07377060065953144, 0.07377060065953144, 0.07377060065953144, 0.08857915684572971, 0.08857915684572971, 0.08857915684572971], "rank_test_score": [12, 8, 7, 11, 10, 6, 9, 1, 3, 5, 4, 2, 15, 13, 14, 16, 16, 16, 22, 22, 22, 19, 19, 19], "split0_train_score": [0.9587099926704129, 0.9826533105301735, 0.9953579281700464, 1.0, 1.0, 1.0, 1.0, 1.0, 1.0, 1.0, 1.0, 1.0, 0.5367700952846323, 0.5367700952846323, 0.5367700952846323, 0.6291228927437088, 0.6291228927437088, 0.6291228927437088, 0.49181529440508187, 0.49181529440508187, 0.49181529440508187, 0.6511116540434889, 0.6511116540434889, 0.6511116540434889], "split1_train_score": [0.959198631810408, 0.9838749083801612, 0.9960908868800391, 1.0, 1.0, 1.0, 1.0, 1.0, 1.0, 1.0, 1.0, 1.0, 1.0, 1.0, 1.0, 0.6860493525531395, 0.6860493525531395, 0.6860493525531395, 0.4952357683850476, 0.4952357683850476, 0.4952357683850476, 0.5851453701441486, 0.5851453701441486, 0.5851453701441486],