{"mean_fit_time": [727.3698527812958], "std_fit_time": [57.40685702357653], "mean_score_time": [0.12978887557983398], "std_score_time": [0.03417885031989356], "params": [{}], "split0_test_score": [0.7923290061695651], "split1_test_score": [0.809641262659897], "split2_test_score": [0.8127246927329916], "split3_test_score": [0.7952356472940649], "split4_test_score": [0.7962587338390843], "mean_test_score": [0.8012378685391205], "std_test_score": [0.008279497977116546], "rank_test_score": [1], "split0_train_score": [1.0], "split1_train_score": [1.0], "split2_train_score": [1.0], "split3_train_score": [1.0], "split4_train_score": [1.0], "mean_train_score": [1.0], "std_train_score": [0.0], "best_score": 0.8012378685391205, "best_params": {}}