{"mean_fit_time": [1.3190086364746094], "std_fit_time": [0.05517195728530963], "mean_score_time": [0.0036593914031982423], "std_score_time": [0.000480853016894253], "params": [{}], "split0_test_score": [0.78125], "split1_test_score": [0.7607421875], "split2_test_score": [0.7702834799608993], "split3_test_score": [0.7761485826001955], "split4_test_score": [0.7732160312805474], "mean_test_score": [0.7723280562683286], "std_test_score": [0.006832256558703823], "rank_test_score": [1], "split0_train_score": [0.9985340825800146], "split1_train_score": [0.997801123870022], "split2_train_score": [0.9975574010747436], "split3_train_score": [0.9980459208597948], "split4_train_score": [0.9982901807523205], "mean_train_score": [0.998045741827379], "std_train_score": [0.00034541040705513395], "best_score": 0.7723280562683286, "best_params": {}}