{"mean_fit_time": [3.015165615081787], "std_fit_time": [0.014476026752644144], "mean_score_time": [0.018671035766601562], "std_score_time": [0.0020081051175029397], "params": [{}], "split0_test_score": [0.7958984375], "split1_test_score": [0.79296875], "split2_test_score": [0.8054740957966764], "split3_test_score": [0.8113391984359726], "split4_test_score": [0.8123167155425219], "mean_test_score": [0.8035994394550343], "std_test_score": [0.007895898900930495], "rank_test_score": [1], "split0_train_score": [1.0], "split1_train_score": [1.0], "split2_train_score": [1.0], "split3_train_score": [1.0], "split4_train_score": [1.0], "mean_train_score": [1.0], "std_train_score": [0.0], "best_score": 0.8035994394550343, "best_params": {}}