{"mean_fit_time": [84.51299271583557], "std_fit_time": [0.3764787001551408], "mean_score_time": [0.012295103073120118], "std_score_time": [0.0002520263966826457], "params": [{}], "split0_test_score": [0.7788003052612539], "split1_test_score": [0.7825116379566414], "split2_test_score": [0.8031970003674664], "split3_test_score": [0.8075931630653087], "split4_test_score": [0.7950239592273826], "mean_test_score": [0.7934252131756105], "std_test_score": [0.011240717712864105], "rank_test_score": [1], "split0_train_score": [0.9202825051595348], "split1_train_score": [0.923918658794692], "split2_train_score": [0.9211924965947441], "split3_train_score": [0.9206297217466936], "split4_train_score": [0.9233686335830589], "mean_train_score": [0.9218784031757448], "std_train_score": [0.0014805399883008744], "best_score": 0.7934252131756105, "best_params": {}}