{"mean_fit_time": [47.10099034309387, 76.83028030395508, 109.75977120399475, 55.51966271400452, 78.576051902771, 98.3901297569275, 50.3747230052948, 64.86682043075561, 69.67794189453124, 35.23175482749939, 38.1233446598053, 39.9787257194519, 18.413476419448852, 20.443435382843017, 21.150417137145997, 8.900957345962524, 9.263676404953003, 9.571309423446655, 7.106531286239624, 7.646219968795776, 7.9549768447875975, 5.203296184539795, 5.526687479019165, 5.138957118988037], "std_fit_time": [0.1994915572349241, 4.4324289429770545, 0.7974928684726452, 0.8876060684853623, 0.7306309108797376, 1.0883479011866617, 0.5029125727537441, 0.6277948270645474, 0.49624565753848765, 0.5366661204781293, 0.5734666012917621, 0.1575401175037909, 3.8085393265017418, 4.905237412097461, 4.798114268665875, 0.7487935062723023, 1.043610162473556, 1.3705095139865506, 0.8617943820534644, 1.3217332204605914, 1.413655767475835, 0.6760379621445621, 0.9059695175344128, 1.32706918900922], "mean_score_time": [0.08416051864624023, 0.1417151927947998, 0.20992965698242189, 0.12253756523132324, 0.15038595199584961, 0.19880084991455077, 0.11692285537719727, 0.1516042709350586, 0.18425517082214354, 0.14488019943237304, 0.12220139503479004, 0.13898143768310547, 0.06777315139770508, 0.08254575729370117, 0.09778008460998536, 0.060944223403930665, 0.06507663726806641, 0.07577815055847167, 0.04658451080322266, 0.07095346450805665, 0.0688979148864746, 0.05200948715209961, 0.05247354507446289, 0.04949097633361817], "std_score_time": [0.010436273034424397, 0.027944848075884883, 0.002237780091544324, 0.014373886004611702, 0.013336322909022678, 0.03935524295903355, 0.022182460344257585, 0.0314537412362853, 0.03953449219020021, 0.07417566260277278, 0.019346190945270965, 0.021811079043001447, 0.014098937299791425, 0.009006133736280847, 0.005424256398541552, 0.01143060434963242, 0.0069450778487539925, 0.012293489220065115, 0.0038101253787092043, 0.014765675202346801, 0.009074548656903216, 0.004813791639114278, 0.008685266559191489, 0.003913249519691273], "param_model__learning_rate": [0.01, 0.01, 0.01, 0.05, 0.05, 0.05, 0.1, 0.1, 0.1, 0.2, 0.2, 0.2, 0.4, 0.4, 0.4, 0.6, 0.6, 0.6, 0.8, 0.8, 0.8, 1.0, 1.0, 1.0], "param_model__max_iter": [200, 300, 400, 200, 300, 400, 200, 300, 400, 200, 300, 400, 200, 300, 400, 200, 300, 400, 200, 300, 400, 200, 300, 400], "params": [{"model__learning_rate": 0.01, "model__max_iter": 200}, {"model__learning_rate": 0.01, "model__max_iter": 300}, {"model__learning_rate": 0.01, "model__max_iter": 400}, {"model__learning_rate": 0.05, "model__max_iter": 200}, {"model__learning_rate": 0.05, "model__max_iter": 300}, {"model__learning_rate": 0.05, "model__max_iter": 400}, {"model__learning_rate": 0.1, "model__max_iter": 200}, {"model__learning_rate": 0.1, "model__max_iter": 300}, {"model__learning_rate": 0.1, "model__max_iter": 400}, {"model__learning_rate": 0.2, "model__max_iter": 200}, {"model__learning_rate": 0.2, "model__max_iter": 300}, {"model__learning_rate": 0.2, "model__max_iter": 400}, {"model__learning_rate": 0.4, "model__max_iter": 200}, {"model__learning_rate": 0.4, "model__max_iter": 300}, {"model__learning_rate": 0.4, "model__max_iter": 400}, {"model__learning_rate": 0.6, "model__max_iter": 200}, {"model__learning_rate": 0.6, "model__max_iter": 300}, {"model__learning_rate": 0.6, "model__max_iter": 400}, {"model__learning_rate": 0.8, "model__max_iter": 200}, {"model__learning_rate": 0.8, "model__max_iter": 300}, {"model__learning_rate": 0.8, "model__max_iter": 400}, {"model__learning_rate": 1.0, "model__max_iter": 200}, {"model__learning_rate": 1.0, "model__max_iter": 300}, {"model__learning_rate": 1.0, "model__max_iter": 400}], "split0_test_score": [0.8154296875, 0.81640625, 0.8203125, 0.8193359375, 0.814453125, 0.8154296875, 0.8203125, 0.8212890625, 0.822265625, 0.8203125, 0.8173828125, 0.814453125, 0.6396484375, 0.6396484375, 0.6396484375, 0.623046875, 0.623046875, 0.623046875, 0.6552734375, 0.6552734375, 0.6552734375, 0.2802734375, 0.2802734375, 0.2802734375], "split1_test_score": [0.796875, 0.798828125, 0.8017578125, 0.7998046875, 0.806640625, 0.806640625, 0.8134765625, 0.8203125, 0.8173828125, 0.818359375, 0.8173828125, 0.8173828125, 0.8134765625, 0.814453125, 0.8154296875, 0.5625, 0.5625, 0.5625, 0.6533203125, 0.6533203125, 0.6533203125, 0.30078125, 0.30078125, 0.30078125], "split2_test_score": [0.8250244379276638, 0.8250244379276638, 0.83088954056696, 0.8387096774193549, 0.8406647116324536, 0.8387096774193549, 0.8387096774193549, 0.8367546432062561, 0.8377321603128055, 0.8347996089931574, 0.8347996089931574, 0.8367546432062561, 0.823069403714565, 0.8260019550342131, 0.8250244379276638, 0.45943304007820135, 0.45943304007820135, 0.45943304007820135, 0.4203323558162268, 0.4203323558162268, 0.4203323558162268, 0.4868035190615836, 0.4868035190615836, 0.4868035190615836], "split3_test_score": [0.8220918866080157, 0.8240469208211144, 0.8211143695014663, 0.8250244379276638, 0.8299120234604106, 0.83088954056696, 0.8240469208211144, 0.8299120234604106, 0.8279569892473119, 0.823069403714565, 0.8240469208211144, 0.8240469208211144, 0.823069403714565, 0.820136852394917, 0.8220918866080157, 0.31671554252199413, 0.31671554252199413, 0.31671554252199413, 0.6529814271749755, 0.6529814271749755, 0.6529814271749755, 0.581622678396872, 0.581622678396872, 0.581622678396872], "split4_test_score": [0.8172043010752689, 0.83088954056696, 0.8279569892473119, 0.8289345063538612, 0.8299120234604106, 0.83088954056696, 0.8299120234604106, 0.8318670576735093, 0.8279569892473119, 0.823069403714565, 0.8211143695014663, 0.8211143695014663, 0.8299120234604106, 0.8260019550342131, 0.8289345063538612, 0.613880742913001, 0.613880742913001, 0.613880742913001, 0.5356793743890518, 0.5356793743890518, 0.5356793743890518, 0.44281524926686217, 0.44281524926686217, 0.44281524926686217], "mean_test_score": [0.8153250626221897, 0.8190390548631477, 0.8204062423631477, 0.8223618493401761, 0.8243165017106551, 0.824511814210655, 0.8252915368401761, 0.8280270573680353, 0.8266589152614859, 0.8239220582844575, 0.8229453048631477, 0.8227503742057675, 0.7858351661779082, 0.7852484649926688, 0.7862257911779083, 0.5151152401026393, 0.5151152401026393, 0.5151152401026393, 0.5835173814760508, 0.5835173814760508, 0.5835173814760508, 0.41845922684506354, 0.41845922684506354, 0.41845922684506354], "std_test_score": [0.009836819429702874, 0.011106312535479147, 0.01015073876891903, 0.012926889601606139, 0.01216229018382424, 0.01170294438195954, 0.00857121798532887, 0.006314814713122405, 0.006801967801676859, 0.005722717979833248, 0.0064338643287595145, 0.007721815302170099, 0.07328049217896636, 0.07292622799606678, 0.0734214332665941, 0.11498880400037582, 0.11498880400037582, 0.11498880400037582, 0.09355689383702501, 0.09355689383702501, 0.09355689383702501, 0.1138682472336807, 0.1138682472336807, 0.1138682472336807], "rank_test_score": [12, 11, 10, 9, 5, 4, 3, 1, 2, 6, 7, 8, 14, 15, 13, 19, 19, 19, 16, 16, 16, 22, 22, 22], "split0_train_score": [0.9704373320302956, 0.9892499389201075, 0.9995113608600049, 1.0, 1.0, 1.0, 1.0, 1.0, 1.0, 1.0, 1.0, 1.0, 0.6520889323234791, 0.6520889323234791, 0.6520889323234791, 0.6574639628634253, 0.6574639628634253, 0.6574639628634253, 0.6599071585634009, 0.6599071585634009, 0.6599071585634009, 0.29269484485707303, 0.29269484485707303, 0.29269484485707303], "split1_train_score": [0.9684827754703151, 0.9909601759100904, 0.9992670412900073, 1.0, 1.0, 1.0, 1.0, 1.0, 1.0, 1.0, 1.0, 1.0, 1.0, 1.0, 1.0, 0.5827021744441729, 0.5827021744441729, 0.5827021744441729, 0.6682140239433179, 0.6682140239433179, 0.6682140239433179, 0.3112631321768874, 0.3112631321768874, 0.3112631321768874], "split2_train_score": [0.966780654616512, 0.9890083048363458, 0.9995114802149487, 1.0, 1.0, 1.0, 1.0, 1.0, 1.0, 1.0, 1.0, 1.0, 1.0, 1.0, 1.0, 0.5085490962383976, 0.5085490962383976, 0.5085490962383976, 0.4044943820224719, 0.4044943820224719, 0.4044943820224719, 0.5219833903273082, 0.5219833903273082, 0.5219833903273082],