{"mean_fit_time": [0.0026434898376464845], "std_fit_time": [0.00012858907527510212], "mean_score_time": [0.019063758850097656], "std_score_time": [0.005943710879954725], "params": [{}], "split0_test_score": [0.6962890625], "split1_test_score": [0.6875], "split2_test_score": [0.7057673509286413], "split3_test_score": [0.6891495601173021], "split4_test_score": [0.6832844574780058], "mean_test_score": [0.6923980862047899], "std_test_score": [0.007892773081327121], "rank_test_score": [1], "split0_train_score": [0.7818226239921817], "split1_train_score": [0.780601026142194], "split2_train_score": [0.7701514411333659], "split3_train_score": [0.7728382999511481], "split4_train_score": [0.7830972154372252], "mean_train_score": [0.7777021213312229], "std_train_score": [0.005199206892637458], "best_score": 0.6923980862047899, "best_params": {}}